1520519130480406272,0.00765,-0.01360,-0.01203,0.82147,0.30940,-0.42181,0.22703,-0.08483,-0.10907,0.01287,
1520519130560606464,0.00535,-0.01677,-0.01069,0.81729,0.30838,-0.43662,0.21517,-0.12943,-0.09689,0.00394,
1520519130680806144,-0.01443,-0.02922,-0.00879,0.82168,0.29595,-0.43788,0.21337,-0.20544,-0.09835,0.02582,
1520519130760906240,-0.02714,-0.04005,-0.00521,0.81351,0.31143,-0.44109,0.21598,-0.27062,-0.12504,0.04439,
1520519130881106432,-0.06484,-0.05664,0.00099,0.80592,0.32226,-0.43870,0.23275,-0.35937,-0.15049,0.04991,
1520519130961306624,-0.08665,-0.06788,0.00638,0.80358,0.31230,-0.44391,0.24427,-0.37035,-0.18451,0.04414,
1520519131081506816,-0.13239,-0.09409,0.01380,0.81465,0.29236,-0.44378,0.23223,-0.42101,-0.26365,0.04810,
1520519131161605888,-0.15611,-0.11952,0.01412,0.81487,0.29833,-0.44265,0.22593,-0.46177,-0.30579,0.05387,
1520519131281906176,-0.21388,-0.15995,0.01913,0.80746,0.31042,-0.44617,0.22930,-0.56701,-0.34442,0.06287,
1520519131362006272,-0.25966,-0.18881,0.02467,0.80652,0.30672,-0.44938,0.23133,-0.62986,-0.37249,0.06915,
1520519131482206464,-0.33099,-0.23492,0.03881,0.80627,0.29744,-0.45272,0.23772,-0.71367,-0.43720,0.08813,
1520519131562306304,-0.37877,-0.26463,0.04818,0.80493,0.30109,-0.45120,0.24054,-0.75635,-0.47782,0.09963,
1520519131682606592,-0.46891,-0.32236,0.06201,0.79839,0.31186,-0.45167,0.24761,-0.84622,-0.53536,0.10659,
1520519131762705920,-0.52966,-0.36329,0.07350,0.79723,0.31584,-0.45074,0.24800,-0.89097,-0.58035,0.11078,
1520519131882905856,-0.62351,-0.43280,0.07517,0.80031,0.30979,-0.44869,0.24943,-0.96934,-0.61429,0.10747,
1520519131963005952,-0.67415,-0.46542,0.08659,0.79880,0.31455,-0.44633,0.25251,-1.00319,-0.62974,0.11572,
1520519132083306240,-0.70895,-0.52753,0.10992,0.79649,0.32456,-0.44230,0.25424,-0.98243,-0.68364,0.13009,
1520519132163406336,-0.73247,-0.54411,0.12283,0.79718,0.32476,-0.44030,0.25528,-0.97968,-0.67392,0.13631,
1520519132283606528,-0.68591,-0.49162,0.13728,0.80089,0.32111,-0.43613,0.25546,-0.88470,-0.58276,0.14624,
1520519132363806720,-0.60622,-0.40006,0.14515,0.80533,0.31859,-0.42973,0.25550,-0.74888,-0.45242,0.15256,
1520519132484005888,-0.60565,-0.36318,0.15579,0.80692,0.31913,-0.42716,0.25410,-0.70953,-0.39132,0.15378,
1520519132564105984,-0.62150,-0.35829,0.16405,0.80728,0.31743,-0.42767,0.25422,-0.70818,-0.36384,0.15780,
1520519132684306176,-0.65635,-0.38915,0.17890,0.80578,0.32178,-0.42737,0.25404,-0.68752,-0.40194,0.15978,
1520519132764506368,-0.65763,-0.40270,0.18700,0.80291,0.33576,-0.42473,0.24941,-0.66463,-0.41027,0.15676,
1520519132884706560,-0.75676,-0.53723,0.21745,0.79481,0.34685,-0.42717,0.25591,-0.73930,-0.51290,0.17995,
1520519132964806656,-0.78904,-0.53283,0.23586,0.79904,0.33753,-0.42587,0.25738,-0.73785,-0.47532,0.18582,
1520519133085006592,-0.87859,-0.57101,0.26853,0.79992,0.33320,-0.42570,0.26053,-0.78494,-0.49476,0.20742,
1520519133165206016,-0.86658,-0.45693,0.27979,0.80271,0.33021,-0.42322,0.25981,-0.75632,-0.35291,0.21662,
1520519133285406208,-0.93905,-0.44134,0.30047,0.80249,0.32887,-0.42357,0.26163,-0.79047,-0.31904,0.21793,
1520519133365506048,-0.97502,-0.47678,0.30460,0.80346,0.32929,-0.42224,0.26024,-0.78886,-0.33925,0.21785,
1520519133485706240,-1.04386,-0.49907,0.32535,0.80168,0.33309,-0.42135,0.26234,-0.80282,-0.33794,0.22315,
1520519133565906432,-1.08082,-0.50485,0.34949,0.80323,0.33367,-0.41888,0.26084,-0.80363,-0.32622,0.23444,
1520519133686106624,-1.14481,-0.54837,0.36606,0.80396,0.33380,-0.41738,0.26080,-0.81593,-0.34066,0.23459,
1520519133766205696,-1.19582,-0.56651,0.37371,0.80323,0.33599,-0.41677,0.26122,-0.83014,-0.33917,0.23322,
1520519133886405888,-1.26009,-0.59237,0.39791,0.80427,0.33746,-0.41465,0.25950,-0.83693,-0.33578,0.23844,
1520519133966606080,-1.31789,-0.59192,0.40480,0.80355,0.33777,-0.41458,0.26144,-0.86049,-0.31097,0.23936,
1520519134086806272,-1.43265,-0.65860,0.44062,0.80253,0.33909,-0.41448,0.26299,-0.89559,-0.34857,0.24648,
1520519134166906368,-1.47634,-0.73672,0.45161,0.80346,0.34192,-0.41182,0.26067,-0.89594,-0.38644,0.25069,
1520519134287106560,-1.63655,-0.77850,0.49681,0.80005,0.34406,-0.41296,0.26648,-0.97424,-0.39041,0.26461,
1520519134367305728,-1.62175,-0.75666,0.50057,0.80352,0.34204,-0.41071,0.26205,-0.92440,-0.36047,0.25994,
1520519134487505920,-1.67101,-0.82916,0.49914,0.80346,0.34430,-0.40966,0.26096,-0.91878,-0.37911,0.25502,
1520519134567606016,-1.78788,-0.85796,0.53630,0.80241,0.34613,-0.40930,0.26229,-0.96454,-0.38210,0.26541,
1520519134687806208,-1.86112,-0.89854,0.55840,0.80464,0.34381,-0.40784,0.26082,-0.97229,-0.37611,0.27220,
1520519134768006400,-2.02057,-0.97498,0.60898,0.80241,0.34356,-0.41023,0.26422,-1.06464,-0.40958,0.29112,
1520519134888206592,-2.45122,-1.23635,0.74300,0.79571,0.33653,-0.42577,0.26892,-1.37534,-0.54040,0.36141,
1520519134968306432,-2.97227,-1.34447,0.81073,0.78800,0.29991,-0.45579,0.28525,-1.71199,-0.58577,0.34620,
1520519135088505856,-3.17602,-1.36709,0.84467,0.80084,0.24393,-0.46988,0.27993,-1.74152,-0.59503,0.32658,
1520519135168706048,-3.40941,-1.54980,0.92070,0.79109,0.24864,-0.48097,0.28466,-1.83733,-0.72448,0.36590,
1520519135288905984,-3.75213,-1.57607,1.02128,0.76643,0.29124,-0.48769,0.29987,-1.93848,-0.73656,0.40720,
1520519135369006080,-3.88970,-1.65994,1.04137,0.74590,0.33438,-0.48698,0.30770,-1.94500,-0.75906,0.39481,
1520519135489206272,-4.11031,-1.72168,1.09130,0.71755,0.38647,-0.47994,0.32468,-1.98625,-0.74379,0.37822,
1520519135569406464,-4.23247,-1.74715,1.14057,0.71150,0.39853,-0.47615,0.32898,-1.98643,-0.72576,0.39468,
1520519135689605632,-4.46815,-1.80576,1.24202,0.72721,0.38606,-0.47100,0.31667,-2.04383,-0.71639,0.43144,
1520519135769705728,-4.64724,-1.85762,1.26697,0.73437,0.38010,-0.46861,0.31086,-2.10761,-0.73030,0.43328,
1520519135890006016,-4.85556,-1.85984,1.34804,0.73722,0.38085,-0.46445,0.30943,-2.16379,-0.69043,0.46420,
1520519135970106112,-5.05508,-1.90746,1.38987,0.73639,0.38246,-0.46354,0.31078,-2.22449,-0.71005,0.47477,
1520519136090306304,-5.32375,-1.98526,1.44365,0.74231,0.37958,-0.45946,0.30625,-2.30947,-0.71845,0.49992,
1520519136170406400,-5.49126,-2.01968,1.48235,0.74031,0.38125,-0.46020,0.30789,-2.35225,-0.72281,0.50930,
1520519136290706688,-5.76874,-2.07690,1.56022,0.73882,0.38661,-0.45813,0.30788,-2.40855,-0.71052,0.52566,
1520519136370805760,-6.01662,-2.17945,1.60474,0.74231,0.38046,-0.45858,0.30648,-2.50988,-0.75909,0.53276,
1520519136491005952,-6.33113,-2.27942,1.65921,0.75168,0.36909,-0.45572,0.30177,-2.61213,-0.78957,0.54845,
1520519136571206144,-6.54087,-2.32809,1.70611,0.74630,0.37753,-0.45505,0.30567,-2.67260,-0.79666,0.57284,
1520519136691406336,-6.86621,-2.44582,1.77323,0.73920,0.38800,-0.45649,0.30765,-2.74621,-0.83395,0.57389,
1520519136771506432,-7.15734,-2.53756,1.86046,0.74160,0.38035,-0.45974,0.30661,-2.83923,-0.86636,0.60469,
1520519136891706368,-7.42576,-2.60663,1.89567,0.74826,0.37500,-0.45585,0.30279,-2.86148,-0.86404,0.59054,
1520519136971905792,-7.64731,-2.64809,1.93509,0.74961,0.37737,-0.45290,0.30093,-2.93029,-0.85587,0.59779,
1520519137092105984,-7.99277,-2.74661,2.01589,0.74377,0.38033,-0.45486,0.30865,-3.02729,-0.84104,0.62384,
1520519137172205824,-8.23759,-2.85451,2.07601,0.74649,0.37336,-0.45290,0.31341,-3.07513,-0.87156,0.63515,
1520519137292406016,-8.60989,-2.95275,2.14974,0.75167,0.37054,-0.45125,0.30669,-3.13812,-0.90604,0.63604,
1520519137372606208,-8.88395,-3.04422,2.20564,0.75101,0.35894,-0.45950,0.30984,-3.23801,-0.91043,0.65768,
1520519137492806400,-9.26795,-3.15058,2.27376,0.75216,0.35025,-0.46279,0.31211,-3.32354,-0.93014,0.66441,
1520519137572906496,-9.61126,-3.16246,2.34491,0.74647,0.35187,-0.46631,0.31862,-3.42029,-0.91255,0.68272,
1520519137693105664,-10.04152,-3.29602,2.42622,0.74026,0.36101,-0.46655,0.32252,-3.52608,-0.94229,0.71456,
1520519137773305856,-10.32921,-3.37658,2.50636,0.72887,0.36696,-0.47335,0.33171,-3.59460,-0.96108,0.75996,
1520519137893506048,-10.75008,-3.49277,2.59667,0.69850,0.41087,-0.47322,0.34548,-3.68075,-1.00704,0.76855,
1520519137973606144,-11.13794,-3.59039,2.66959,0.67879,0.43001,-0.48086,0.35087,-3.80949,-1.05333,0.76999,
1520519138093806336,-11.62619,-3.71937,2.76440,0.67111,0.43285,-0.49033,0.34904,-4.00072,-1.08325,0.78031,
1520519138174006528,-11.95309,-3.81506,2.83024,0.66902,0.42070,-0.50507,0.34689,-4.14941,-1.10514,0.76642,
1520519138294205696,-12.48134,-3.95662,2.93092,0.65487,0.41830,-0.51891,0.35625,-4.34580,-1.13084,0.78270,
1520519138374305792,-12.84681,-4.03909,3.00199,0.62803,0.42956,-0.52585,0.38018,-4.43464,-1.15290,0.77589,
1520519138494505984,-13.45728,-4.10782,3.12777,0.57705,0.43449,-0.54633,0.42398,-4.58990,-1.12870,0.80615,
1520519138574706176,-13.84587,-4.16452,3.19250,0.55480,0.43705,-0.55254,0.44259,-4.65066,-1.11465,0.81370,
1520519138694906112,-14.42710,-4.22565,3.29029,0.53832,0.43365,-0.56038,0.45623,-4.80120,-1.06164,0.83540,
1520519138775006208,-14.83240,-4.28128,3.36245,0.53075,0.43112,-0.56320,0.46395,-4.90530,-1.05006,0.85527,
1520519138895206400,-15.44867,-4.36153,3.47742,0.53250,0.42364,-0.56374,0.46815,-5.02249,-1.03686,0.89776,
1520519138975406592,-15.87542,-4.44800,3.55442,0.52868,0.42320,-0.56912,0.46637,-5.13068,-1.06348,0.91412,
1520519139095605760,-16.48318,-4.63079,3.67358,0.52331,0.42503,-0.57637,0.46183,-5.23352,-1.16168,0.93634,
1520519139175706880,-16.87033,-4.78859,3.75107,0.52317,0.43151,-0.57406,0.45885,-5.27192,-1.24893,0.95750,
1520519139295906048,-17.53284,-4.90769,3.88624,0.52226,0.43196,-0.57277,0.46107,-5.41301,-1.26440,0.97371,
1520519139376106240,-17.97009,-5.04184,3.96903,0.52003,0.44013,-0.57238,0.45633,-5.52578,-1.31539,0.98059,
1520519139496305408,-18.62618,-5.20133,4.08668,0.51504,0.44656,-0.57107,0.45738,-5.69084,-1.34575,1.00399,
1520519139576406528,-19.05851,-5.25089,4.20050,0.51532,0.45020,-0.56853,0.45666,-5.77609,-1.31814,1.03562,
1520519139696605696,-19.72776,-5.51835,4.31863,0.51429,0.45727,-0.56443,0.45587,-5.92648,-1.43740,1.05022,
1520519139776805888,-20.16407,-5.62452,4.42758,0.51602,0.46104,-0.56014,0.45541,-6.02029,-1.45189,1.08946,
1520519139897007104,-20.93315,-5.79697,4.57062,0.51156,0.46132,-0.56149,0.45849,-6.24649,-1.48355,1.11785,
1520519139977106176,-21.44004,-5.92251,4.66644,0.50962,0.46077,-0.56129,0.46144,-6.37281,-1.51146,1.13338,
1520519140097305344,-22.19298,-6.11366,4.80690,0.51352,0.45865,-0.56044,0.46027,-6.53359,-1.55106,1.15492,
1520519140177505536,-22.72351,-6.25727,4.90355,0.51712,0.45531,-0.56005,0.46002,-6.64282,-1.58551,1.17020,
1520519140297706496,-23.56088,-6.43827,5.05423,0.51800,0.45203,-0.56376,0.45773,-6.83119,-1.62453,1.19865,
1520519140377805824,-24.18659,-6.57631,5.15749,0.52386,0.44820,-0.57208,0.44432,-6.98459,-1.66490,1.21462,
1520519140498106112,-25.02288,-6.75133,5.31856,0.55248,0.43903,-0.57890,0.40853,-7.13225,-1.67129,1.25720,
1520519140578205184,-25.39885,-7.02321,5.44841,0.57331,0.41983,-0.58101,0.39684,-7.12179,-1.75082,1.28555,
1520519140698406144,-25.92688,-7.66302,5.63127,0.59879,0.38592,-0.58986,0.38024,-7.10043,-1.99114,1.33275,
1520519140778505216,-26.67543,-6.45189,5.76779,0.64007,0.33116,-0.61105,0.32753,-7.27868,-1.21142,1.36710,
1520519140898805504,-27.42628,-6.52021,5.95363,0.68193,0.30512,-0.59798,0.29035,-7.28672,-1.17664,1.40197,
1520519140978906624,-28.04588,-6.58430,6.08022,0.69852,0.29679,-0.59249,0.27009,-7.39068,-1.16027,1.42679,
1520519141099105792,-28.92951,-6.66692,6.29229,0.70519,0.28725,-0.59821,0.24966,-7.51027,-1.13245,1.47592,
1520519141179305984,-29.56448,-6.79563,6.42629,0.70482,0.28491,-0.60251,0.24297,-7.59002,-1.17919,1.50581,
1520519141299505152,-30.51155,-7.03305,6.60865,0.70362,0.28837,-0.60426,0.23798,-7.70784,-1.32590,1.52978,
1520519141379606272,-31.10670,-7.10170,6.72746,0.70821,0.28245,-0.60620,0.22624,-7.74971,-1.30561,1.55469,
1520519141499805440,-32.00042,-7.16370,6.90486,0.71309,0.26429,-0.61218,0.21654,-7.76884,-1.25243,1.59382,
1520519141580005632,-32.64611,-7.32690,7.07436,0.70022,0.26648,-0.62584,0.21679,-7.81674,-1.35938,1.62735,
1520519141700206848,-33.54298,-7.53459,7.28918,0.68607,0.28658,-0.62978,0.22486,-7.79186,-1.45984,1.62611,
1520519141780305920,-34.19235,-7.70735,7.41553,0.65870,0.31627,-0.63116,0.26024,-7.90927,-1.47215,1.60594,
1520519141900505088,-35.15272,-7.88445,7.61121,0.61420,0.36351,-0.63474,0.29619,-8.07150,-1.43844,1.64025,
1520519141980705280,-35.66636,-8.18245,7.78304,0.61654,0.36762,-0.62458,0.30762,-8.02317,-1.57212,1.71591,
1520519142100906496,-36.87312,-8.08272,7.99132,0.63058,0.36080,-0.62119,0.29379,-8.38583,-1.33099,1.72741,
1520519142181005568,-37.29379,-8.00625,8.05647,0.63108,0.35656,-0.62620,0.28719,-8.53643,-1.20722,1.73148,
1520519142301206528,-38.53421,-8.38517,8.37980,0.61874,0.36434,-0.63198,0.29157,-8.58915,-1.39461,1.86396,
1520519142381406720,-38.95623,-8.69526,8.57729,0.59586,0.38747,-0.62919,0.31454,-8.43952,-1.56853,1.93553,
1520519142501605888,-40.03053,-8.80558,8.87069,0.60692,0.37277,-0.62877,0.31199,-8.57852,-1.48830,2.01240,
1520519142581705216,-40.79715,-8.85955,9.04276,0.62057,0.35423,-0.63060,0.30292,-8.70967,-1.42581,2.04226,
1520519142701906176,-41.95556,-8.87989,9.29586,0.63671,0.33719,-0.62967,0.29054,-8.91534,-1.30619,2.08195,
1520519142782106368,-42.82255,-8.78936,9.47276,0.63748,0.33194,-0.63237,0.28903,-9.12888,-1.11890,2.10113,
1520519142902305536,-44.03511,-8.69686,9.71584,0.65122,0.31366,-0.63132,0.28100,-9.34376,-0.91699,2.14361,
1520519142982406656,-44.74752,-8.73235,9.88272,0.66108,0.29758,-0.63062,0.27702,-9.38837,-0.88216,2.16081,
1520519143102605824,-45.88229,-8.76661,10.15071,0.67137,0.28067,-0.63153,0.26770,-9.48786,-0.83471,2.19271,
1520519143182806016,-46.64835,-8.81959,10.38553,0.66900,0.28149,-0.63257,0.27030,-9.58080,-0.83614,2.25677,
1520519143303005184,-47.95722,-9.10755,10.69385,0.66021,0.29198,-0.63217,0.28148,-9.82560,-0.96061,2.31408,
1520519143383106304,-48.76874,-9.33082,10.93882,0.66174,0.28938,-0.63129,0.28254,-9.91818,-1.06058,2.38130,
1520519143503305472,-49.91535,-9.53551,11.26967,0.66230,0.29185,-0.63058,0.28026,-9.99632,-1.09161,2.42689,
1520519143583505664,-50.71114,-9.71345,11.48800,0.66234,0.29208,-0.62937,0.28266,-10.07135,-1.15688,2.46429,
1520519143703706624,-51.93276,-9.90533,11.78099,0.66345,0.29003,-0.62845,0.28420,-10.18308,-1.20406,2.49943,
1520519143783805952,-52.71307,-9.98735,11.98248,0.66161,0.29330,-0.62790,0.28635,-10.24475,-1.19102,2.52256,
1520519143904005120,-53.92110,-10.09688,12.30974,0.66475,0.28683,-0.62816,0.28504,-10.34786,-1.15917,2.56708,
1520519143984205312,-54.75823,-10.22655,12.51675,0.66652,0.28315,-0.62829,0.28431,-10.43734,-1.17624,2.58524,
1520519144104406272,-56.05469,-10.35181,12.83205,0.66893,0.27735,-0.62895,0.28292,-10.56957,-1.15527,2.62003,
1520519144184505344,-56.89281,-10.43478,13.04374,0.67374,0.26764,-0.62900,0.28070,-10.64200,-1.15480,2.64170,
1520519144304706560,-57.33831,-10.06605,13.62432,0.68432,0.24788,-0.63462,0.25985,-10.34043,-0.95318,2.80679,
1520519144384906752,-58.53395,-11.02130,13.83641,0.68685,0.24374,-0.62886,0.27085,-10.59617,-1.32703,2.81633,
1520519144505105920,-59.95982,-11.10795,14.19649,0.69552,0.23110,-0.62614,0.26607,-10.78061,-1.28038,2.85964,
1520519144585204992,-60.35593,-10.63764,14.46871,0.71030,0.20831,-0.62630,0.24460,-10.57446,-1.00691,2.90101,
1520519144705505280,-61.53552,-10.70196,14.81749,0.71318,0.20897,-0.62484,0.23935,-10.63271,-1.00356,2.90275,
1520519144785606400,-62.25441,-10.56100,15.07239,0.71603,0.20258,-0.62528,0.23512,-10.63238,-0.88276,2.93752,
1520519144905805568,-63.49110,-10.63372,15.40432,0.71878,0.19510,-0.62550,0.23245,-10.70796,-0.87009,2.94911,
1520519144985906688,-64.37665,-10.67952,15.63765,0.72179,0.19028,-0.62323,0.23324,-10.75605,-0.86360,2.96124,
1520519145106204928,-65.32378,-11.00087,16.02081,0.72495,0.19465,-0.61691,0.23660,-10.62238,-0.99516,2.98805,
1520519145186306048,-66.33949,-10.92411,16.24259,0.72842,0.18421,-0.61554,0.23788,-10.75597,-0.93176,2.97651,
1520519145306505216,-67.42907,-11.10554,16.60203,0.72339,0.20714,-0.61392,0.23854,-10.80104,-1.05675,3.00755,
1520519145386705408,-68.31228,-11.01221,16.83409,0.72449,0.21138,-0.61310,0.23353,-10.98080,-0.91508,3.06706,
1520519145506906624,-69.55192,-11.52228,17.21849,0.72112,0.21453,-0.61425,0.23804,-11.13672,-0.97570,3.09852,
1520519145587005696,-70.55852,-11.22449,17.47095,0.71687,0.19958,-0.62317,0.24068,-11.24711,-0.77205,3.06278,
1520519145707206656,-71.85272,-11.12748,17.83541,0.71576,0.18185,-0.62976,0.24087,-11.26846,-0.71123,3.04859,
1520519145787405056,-73.05042,-10.59708,18.07857,0.71784,0.16318,-0.63569,0.23234,-11.49781,-0.35836,3.05341,
1520519145907606016,-74.64692,-10.01377,18.46311,0.72570,0.12987,-0.64179,0.21117,-11.71749,0.05947,3.08566,
1520519145987705344,-75.67603,-9.80795,18.74163,0.72424,0.11613,-0.64783,0.20568,-11.85072,0.20267,3.12243,
1520519146107906304,-77.09056,-9.84065,19.14854,0.72060,0.10567,-0.65218,0.21033,-11.92686,0.15368,3.17383,
1520519146188106496,-78.04138,-9.85489,19.41576,0.71752,0.10520,-0.65525,0.21152,-11.96863,0.11435,3.18966,
1520519146308305664,-79.64301,-9.80523,19.78576,0.71481,0.10731,-0.65720,0.21360,-12.15033,0.09679,3.20628,
1520519146388406784,-80.48692,-10.09936,20.06059,0.71194,0.11621,-0.65722,0.21840,-12.12067,-0.10384,3.23201,
1520519146508605952,-82.10528,-10.03575,20.43367,0.70741,0.12459,-0.65922,0.22245,-12.26555,-0.13247,3.22511,
1520519146588806144,-82.86667,-10.49241,20.69470,0.69850,0.15092,-0.65764,0.23839,-12.16491,-0.48141,3.24485,
1520519146709005312,-84.39539,-10.47782,21.08261,0.68644,0.19970,-0.65394,0.24757,-12.31810,-0.46422,3.29108,
1520519146789106432,-85.40416,-10.54198,21.33955,0.67780,0.22811,-0.65049,0.25576,-12.42693,-0.46215,3.29052,
1520519146909305600,-86.86153,-10.35760,21.76841,0.66265,0.27422,-0.64496,0.26407,-12.51646,-0.22465,3.33653,
1520519146989505792,-87.75809,-10.41461,22.05283,0.65529,0.29629,-0.64057,0.26921,-12.51902,-0.21319,3.36175,
1520519147109704960,-89.06308,-10.50173,22.49005,0.64449,0.32115,-0.63619,0.27706,-12.51285,-0.22047,3.41796,
1520519147189806080,-90.05770,-10.48739,22.79612,0.63920,0.33132,-0.63453,0.28111,-12.59521,-0.16518,3.46913,
1520519147310005248,-91.58960,-10.41206,23.23552,0.63892,0.33041,-0.63420,0.28356,-12.74070,-0.06987,3.52979,
1520519147390205440,-92.59141,-10.40209,23.52754,0.63260,0.34009,-0.63417,0.28633,-12.81264,-0.06627,3.56701,
1520519147510406400,-94.17290,-10.38932,23.97844,0.62570,0.35343,-0.63153,0.29114,-12.97288,-0.03840,3.62841,
1520519147590505472,-95.27374,-10.21340,24.28359,0.62169,0.35816,-0.63151,0.29396,-13.13574,0.14406,3.67156,
1520519147710706688,-96.78454,-10.27964,24.73694,0.61222,0.37309,-0.62766,0.30338,-13.24072,0.09288,3.73319,
1520519147790905088,-97.77651,-10.42726,25.06066,0.60729,0.38064,-0.62415,0.31104,-13.24937,-0.03961,3.78245,
1520519147911106048,-99.19668,-10.72620,25.54714,0.60151,0.39431,-0.61527,0.32272,-13.23334,-0.28787,3.86470,
1520519147991205120,-100.29331,-10.66662,25.86394,0.60245,0.39081,-0.61582,0.32416,-13.37817,-0.19299,3.90326,
1520519148111406336,-101.84724,-10.50556,26.36986,0.60954,0.37713,-0.61750,0.32392,-13.48797,0.00781,3.97823,
1520519148191606528,-103.04817,-10.54518,26.68747,0.61915,0.36524,-0.61586,0.32244,-13.73440,0.01392,4.03002,
1520519148311805696,-104.91181,-10.01146,27.16248,0.64334,0.30436,-0.63369,0.30317,-14.18961,0.49922,4.09652,
1520519148391906816,-106.21664,-9.64703,27.49564,0.65729,0.23237,-0.65522,0.29098,-14.48172,0.83437,4.13408,
1520519148512105984,-107.93020,-9.34023,27.99805,0.67031,0.14983,-0.67549,0.26822,-14.59880,1.06560,4.16908,
1520519148592306176,-109.15862,-9.27195,28.32431,0.67196,0.13472,-0.67752,0.26698,-14.73419,1.10012,4.18114,
1520519148712505344,-110.88955,-8.99410,28.86000,0.67009,0.12484,-0.68356,0.26103,-14.78415,1.30430,4.16782,
1520519148792606464,-112.08321,-8.83644,29.22162,0.67028,0.12293,-0.68508,0.25744,-14.84218,1.36931,4.17645,
1520519148912906752,-113.98039,-8.68831,29.71801,0.67173,0.11159,-0.68785,0.25136,-15.00699,1.37404,4.17815,
1520519148993005824,-115.24424,-8.42768,30.06361,0.67257,0.10946,-0.68937,0.24584,-15.11224,1.50107,4.19576,
1520519149113204992,-117.12760,-8.11481,30.57797,0.67299,0.10691,-0.69024,0.24335,-15.24412,1.63159,4.23054,
1520519149193405184,-118.31080,-8.01169,30.92053,0.67327,0.10845,-0.69028,0.24178,-15.27592,1.60958,4.26103,
1520519149313606144,-120.14387,-7.81426,31.44467,0.67377,0.10800,-0.69042,0.24018,-15.33825,1.62826,4.28397,
1520519149393705472,-121.35077,-7.72730,31.79383,0.67243,0.10872,-0.69026,0.24406,-15.37727,1.58886,4.29962,
1520519149513906432,-123.17766,-7.61215,32.31212,0.67038,0.11499,-0.68920,0.24973,-15.46568,1.54212,4.33264,
1520519149594005504,-124.38564,-7.41781,32.66589,0.66899,0.11875,-0.68864,0.25322,-15.53323,1.60905,4.36889,
1520519149714305792,-126.30568,-7.21647,33.19775,0.66753,0.12268,-0.68805,0.25679,-15.67286,1.66264,4.39172,
1520519149794404864,-127.47593,-6.92012,33.55605,0.66771,0.12238,-0.68779,0.25716,-15.70366,1.77530,4.41197,
1520519149914606080,-129.26728,-5.94187,34.07483,0.67049,0.11776,-0.68788,0.25177,-15.77382,2.26610,4.43583,
1520519149994806272,-130.43358,-5.68030,34.42546,0.67103,0.11782,-0.68794,0.25016,-15.77985,2.32632,4.43322,
1520519150115005440,-132.35207,-5.50181,34.93452,0.66932,0.12368,-0.68736,0.25349,-15.91886,2.31606,4.44827,
1520519150195106560,-133.31510,-4.61333,35.29337,0.67162,0.11609,-0.68842,0.24806,-15.83890,2.71117,4.46825,
1520519150315305728,-134.60275,-4.03421,35.87737,0.67434,0.11277,-0.68904,0.24037,-15.62493,2.84916,4.51175,
1520519150395505920,-135.64816,-3.95020,36.19179,0.67434,0.11620,-0.68796,0.24182,-15.60056,2.80381,4.50764,
1520519150515705088,-137.57042,-4.34942,36.68352,0.67365,0.13012,-0.68447,0.24652,-15.72443,2.49027,4.50369,
1520519150595806208,-138.53395,-2.84070,37.05257,0.67610,0.12743,-0.68470,0.24050,-15.66685,3.12381,4.51527,
1520519150716005376,-140.16070,-4.29793,37.60943,0.67100,0.14442,-0.68217,0.25208,-15.67507,2.34260,4.55837,
1520519150796205568,-141.45909,-5.46404,37.93166,0.66769,0.15857,-0.67923,0.26019,-15.77575,1.77854,4.55779,
1520519151998306304,-104.99618,-9.08400,27.20780,0.74371,-0.24763,-0.58354,-0.21228,0.06192,0.21359,0.00527,
1520519152118505472,-104.99207,-9.00856,27.21649,0.73301,-0.29157,-0.56067,-0.25166,0.07245,0.31664,0.00996,
1520519152198606592,-104.99112,-8.96185,27.21927,0.72414,-0.31564,-0.54926,-0.27259,0.06895,0.36751,0.00283,
1520519152318805760,-104.98482,-8.91478,27.21979,0.71654,-0.34201,-0.53556,-0.28770,0.06705,0.39489,-0.00719,
1520519152399005952,-104.98221,-8.88911,27.21950,0.71254,-0.35251,-0.53067,-0.29397,0.05440,0.38552,-0.01409,
1520519152519205120,-104.97722,-8.84214,27.22465,0.70575,-0.36735,-0.52578,-0.30086,0.04010,0.39413,-0.00082,
1520519152599305984,-104.98057,-8.82770,27.23106,0.70262,-0.37238,-0.52485,-0.30363,0.02170,0.36474,0.01951,
1520519152719505408,-104.97108,-8.83262,27.22988,0.70173,-0.37356,-0.52526,-0.30353,0.02858,0.29556,0.01602,
1520519152799705600,-104.96345,-8.80936,27.22290,0.69913,-0.37940,-0.52355,-0.30524,0.04748,0.28812,0.00275,
1520519152919906560,-104.94912,-8.78372,27.22116,0.69737,-0.38288,-0.52330,-0.30535,0.06377,0.27246,-0.00641,
1520519153000005632,-104.95758,-8.79905,27.22839,0.69635,-0.38119,-0.52664,-0.30405,0.04894,0.20685,0.00079,
1520519153120204800,-104.95034,-8.80564,27.22728,0.69497,-0.38239,-0.52753,-0.30414,0.05147,0.14733,0.00699,
1520519153200405248,-104.90649,-8.91105,27.24194,0.69957,-0.37061,-0.53557,-0.29397,0.09571,-0.00839,0.02343,
1520519153320606208,-104.94735,-8.87374,27.22657,0.69480,-0.37736,-0.53412,-0.29928,0.05487,-0.00931,0.00484,
1520519153400705280,-104.94817,-8.92715,27.22728,0.69385,-0.37622,-0.53655,-0.29855,0.05294,-0.09181,0.00362,
1520519153521005568,-104.95618,-9.01015,27.22746,0.69207,-0.37625,-0.53939,-0.29755,0.03617,-0.20878,0.00136,
1520519153601106688,-105.09292,-8.95975,27.22933,0.68233,-0.38240,-0.54277,-0.30594,-0.14347,-0.16325,0.01261,
1520519153721305856,-105.13889,-8.98698,27.23101,0.67426,-0.39356,-0.54057,-0.31347,-0.19031,-0.17348,0.01970,
1520519153801506048,-105.16499,-9.03958,27.23466,0.66866,-0.40111,-0.54034,-0.31630,-0.21298,-0.23393,0.01857,
1520519153921705216,-105.24576,-8.99219,27.23166,0.66123,-0.41030,-0.53682,-0.32597,-0.29289,-0.26230,0.00724,
1520519154001806336,-105.25457,-9.04232,27.23558,0.66067,-0.40377,-0.54020,-0.32965,-0.31923,-0.35146,0.03092,
1520519154122005504,-105.21990,-9.24451,27.25847,0.66611,-0.37357,-0.55305,-0.33299,-0.30247,-0.54596,0.06735,
1520519154202205696,-105.26932,-9.25877,27.25536,0.66464,-0.36365,-0.56076,-0.33401,-0.31921,-0.52058,0.06642,
1520519154322404864,-105.33649,-9.28349,27.25812,0.65909,-0.36593,-0.56850,-0.32941,-0.33028,-0.48182,0.04519,
1520519154402505984,-105.37269,-9.33979,27.25809,0.65490,-0.36517,-0.57552,-0.32641,-0.37755,-0.51642,0.04602,
1520519154522705152,-105.42788,-9.40117,27.26661,0.65091,-0.35958,-0.58631,-0.32135,-0.38097,-0.57099,0.07351,
1520519154602905344,-105.44569,-9.47809,27.27614,0.65518,-0.34592,-0.59585,-0.30992,-0.39189,-0.65206,0.10290,
1520519154723106304,-105.52491,-9.55349,27.28562,0.66309,-0.31969,-0.61145,-0.29024,-0.40435,-0.70899,0.10096,
1520519154803205376,-105.56817,-9.60478,27.28778,0.66653,-0.30890,-0.62178,-0.27151,-0.38231,-0.69779,0.07433,
1520519154923406592,-105.60394,-9.68225,27.29810,0.67057,-0.28950,-0.63123,-0.26092,-0.37370,-0.69879,0.09443,
1520519155003606784,-105.66848,-9.71440,27.30111,0.67081,-0.27759,-0.63628,-0.26099,-0.38645,-0.69033,0.10056,
1520519155123804160,-105.74616,-9.80148,27.31530,0.67338,-0.26611,-0.63801,-0.26209,-0.40765,-0.73749,0.13391,
1520519155203905024,-105.77302,-9.86952,27.33022,0.67829,-0.25806,-0.63638,-0.26143,-0.39056,-0.76272,0.15159,
1520519155324106240,-105.83241,-9.93500,27.33802,0.68030,-0.25505,-0.63220,-0.26919,-0.37883,-0.72496,0.14051,
1520519155404306432,-105.83989,-10.01676,27.36375,0.68171,-0.25978,-0.62710,-0.27300,-0.35146,-0.74298,0.16924,
1520519155524507648,-105.83771,-10.09331,27.40288,0.68429,-0.27112,-0.61683,-0.27886,-0.31326,-0.75493,0.17929,
1520519155604604672,-105.84998,-10.13611,27.42200,0.68507,-0.26679,-0.61889,-0.27653,-0.29842,-0.71804,0.17920,
1520519155724805888,-105.92688,-10.22030,27.42743,0.68611,-0.26051,-0.61890,-0.27992,-0.31584,-0.72200,0.17272,
1520519155805006080,-105.93209,-10.28133,27.44165,0.69091,-0.24745,-0.62045,-0.27650,-0.28447,-0.74806,0.17405,
1520519155925207040,-105.93477,-10.35458,27.46291,0.69028,-0.24626,-0.61922,-0.28185,-0.20240,-0.77503,0.17369,
1520519156005304320,-105.95052,-10.44356,27.46281,0.69363,-0.24034,-0.61846,-0.28041,-0.19970,-0.80906,0.16733,
1520519156125505536,-105.94592,-10.49062,27.48937,0.69112,-0.25407,-0.61398,-0.28431,-0.14345,-0.73694,0.17547,
1520519156205705728,-105.94991,-10.53821,27.49868,0.68993,-0.25909,-0.61201,-0.28690,-0.15161,-0.74424,0.18332,
1520519156325906688,-106.00448,-10.58406,27.51504,0.68619,-0.25900,-0.61495,-0.28967,-0.18690,-0.72009,0.19100,
1520519156406003968,-106.01255,-10.66798,27.52486,0.68763,-0.25812,-0.61583,-0.28511,-0.16076,-0.73793,0.20163,
1520519156526205184,-106.03158,-10.74099,27.54395,0.68567,-0.25789,-0.61853,-0.28420,-0.14859,-0.74028,0.18352,
1520519156606405376,-106.04387,-10.78586,27.55896,0.68413,-0.25997,-0.61939,-0.28415,-0.14656,-0.75806,0.19258,
1520519156726606336,-106.05809,-10.91245,27.57301,0.68493,-0.25202,-0.62200,-0.28369,-0.14996,-0.81583,0.18671,
1520519156806707456,-106.15708,-11.16031,27.51904,0.68807,-0.24200,-0.62368,-0.28109,-0.17885,-0.94244,0.15225,
1520519156926904576,-106.25329,-11.19345,27.53601,0.68325,-0.24967,-0.62218,-0.28936,-0.20927,-0.92446,0.14883,
1520519157007104768,-106.33223,-11.24129,27.54530,0.68147,-0.25225,-0.62186,-0.29199,-0.23703,-0.92655,0.15759,
1520519157127305984,-106.37017,-11.33724,27.56051,0.68062,-0.25507,-0.62015,-0.29515,-0.21831,-0.91782,0.14556,
1520519157207407104,-106.42786,-11.39448,27.55856,0.67913,-0.25659,-0.62050,-0.29653,-0.24048,-0.91135,0.13737,
1520519157327604224,-106.46356,-11.48984,27.57678,0.67941,-0.25760,-0.61904,-0.29806,-0.23604,-0.93191,0.15934,
1520519157407804416,-106.50928,-11.56616,27.58635,0.67897,-0.26012,-0.61803,-0.29895,-0.24080,-0.95194,0.15261,
1520519157528005632,-106.58741,-11.62959,27.58129,0.67645,-0.26090,-0.62053,-0.29879,-0.26194,-0.94907,0.13040,
1520519157608106496,-106.35268,-11.63413,27.61373,0.67494,-0.27177,-0.61843,-0.29689,-0.06149,-0.86347,0.16753,
1520519157728406784,-106.36935,-11.81691,27.63202,0.68144,-0.27171,-0.61493,-0.28926,-0.08047,-0.94003,0.15958,
1520519157808504064,-106.87155,-11.61759,27.60115,0.67407,-0.28156,-0.61370,-0.29953,-0.33732,-0.81940,0.10867,
1520519157928705280,-106.97624,-11.59051,27.62521,0.67424,-0.28212,-0.61336,-0.29932,-0.36873,-0.76160,0.14570,
1520519158008806144,-107.02732,-11.44653,27.62674,0.66904,-0.29162,-0.61234,-0.30393,-0.37238,-0.63803,0.13889,
1520519158129106432,-107.05182,-11.59910,27.62222,0.66735,-0.29448,-0.61425,-0.30103,-0.35016,-0.69328,0.14471,
1520519158209203712,-107.14455,-11.73640,27.62537,0.66702,-0.29481,-0.61474,-0.30044,-0.37465,-0.76152,0.12760,
1520519158329404928,-107.19363,-11.56997,27.53164,0.66324,-0.29906,-0.61446,-0.30516,-0.38398,-0.65522,0.06712,
1520519158409505792,-107.23865,-11.63352,27.52590,0.66384,-0.29739,-0.61445,-0.30551,-0.40384,-0.66580,0.09204,
1520519158529806080,-107.27990,-11.70592,27.52368,0.66825,-0.28914,-0.61544,-0.30178,-0.42002,-0.66458,0.09756,
1520519158609907200,-107.25955,-11.55030,27.49062,0.66726,-0.29086,-0.61321,-0.30683,-0.36867,-0.54144,0.08464,
1520519158730104320,-107.31134,-11.40068,27.48860,0.66737,-0.29674,-0.60948,-0.30839,-0.34069,-0.45189,0.07683,
1520519158810304768,-107.40320,-11.51441,27.46115,0.66797,-0.29385,-0.61158,-0.30565,-0.38046,-0.50997,0.04228,
1520519158930505728,-107.43222,-11.52711,27.45516,0.66781,-0.29438,-0.61183,-0.30503,-0.36209,-0.49295,0.06342,
1520519159010606848,-107.48382,-11.61058,27.48561,0.66969,-0.29524,-0.61086,-0.30199,-0.37319,-0.52315,0.08084,
1520519159130803968,-107.68743,-11.64621,27.43494,0.67353,-0.28717,-0.61144,-0.30005,-0.44896,-0.55999,0.05492,
1520519159211004160,-107.54353,-11.38667,27.40898,0.67305,-0.28953,-0.60793,-0.30592,-0.33366,-0.42096,0.02024,
1520519159331205376,-107.28256,-11.02875,27.39957,0.67179,-0.29988,-0.60148,-0.31143,-0.17604,-0.24460,0.03069,
1520519159411306496,-107.25515,-11.00975,27.39123,0.67360,-0.29862,-0.60009,-0.31142,-0.17474,-0.24927,0.04572,
1520519159531503616,-107.52848,-11.31080,27.38833,0.67564,-0.29410,-0.60131,-0.30894,-0.28156,-0.36228,0.03702,
1520519159611703808,-107.50526,-11.27634,27.40106,0.67635,-0.29523,-0.60001,-0.30884,-0.25553,-0.33068,0.03903,
1520519159731905024,-107.55589,-11.33173,27.38223,0.67542,-0.29615,-0.59923,-0.31151,-0.25341,-0.32281,0.00855,
1520519159812005888,-107.69233,-11.37960,27.40735,0.67513,-0.29678,-0.59924,-0.31150,-0.28322,-0.30067,0.03623,
1520519159932207104,-107.73213,-11.39233,27.43011,0.67520,-0.29537,-0.59916,-0.31283,-0.29430,-0.32091,0.03445,
1520519160012407296,-107.77056,-11.44841,27.42390,0.67305,-0.29553,-0.60144,-0.31294,-0.30435,-0.32622,0.01864,
1520519160132604672,-107.81566,-11.48927,27.42335,0.67194,-0.29570,-0.60195,-0.31420,-0.30276,-0.30688,0.04790,
1520519160212705536,-107.92227,-11.60706,27.43508,0.67206,-0.29466,-0.60249,-0.31389,-0.33074,-0.33357,0.05313,
1520519160332906752,-108.08397,-11.74657,27.45511,0.67325,-0.28921,-0.60453,-0.31247,-0.36956,-0.37356,0.04503,
1520519160413106944,-108.00716,-11.70363,27.42542,0.67224,-0.29251,-0.60285,-0.31481,-0.29523,-0.32976,0.01675,
1520519160533304320,-108.10769,-11.61697,27.39407,0.67577,-0.30157,-0.59593,-0.31186,-0.32077,-0.28045,0.01587,
1520519160613405184,-108.09052,-11.58165,27.37935,0.65822,-0.31589,-0.60357,-0.32041,-0.27542,-0.20989,0.00958,
1520519160733606400,-108.14109,-11.84402,27.42630,0.65831,-0.32194,-0.60098,-0.31905,-0.26051,-0.30083,0.03238,
1520519160813806592,-108.42214,-12.07922,27.46075,0.66648,-0.31000,-0.60233,-0.31130,-0.34868,-0.36234,0.04994,
1520519160934003712,-108.28148,-11.97169,27.44857,0.66515,-0.30047,-0.60407,-0.31997,-0.27738,-0.32178,0.03337,
1520519161014104832,-108.31036,-12.02316,27.43286,0.66714,-0.30204,-0.60081,-0.32050,-0.26874,-0.32523,0.03973,
1520519161134306048,-108.32863,-11.90655,27.48715,0.66701,-0.29907,-0.60283,-0.31977,-0.27339,-0.27612,0.05528,
1520519161214506240,-108.34996,-11.94528,27.50885,0.66779,-0.29867,-0.60342,-0.31739,-0.26897,-0.28374,0.06173,
1520519161334707200,-108.34984,-11.98609,27.49456,0.66744,-0.29975,-0.60354,-0.31688,-0.22835,-0.27430,0.04532,
1520519161414804480,-108.38177,-12.08201,27.50607,0.66965,-0.29811,-0.60274,-0.31528,-0.24316,-0.30402,0.06081,
1520519161535005696,-108.64307,-12.32084,27.52069,0.67342,-0.28946,-0.60322,-0.31440,-0.31217,-0.35500,0.04785,
1520519161615205888,-108.72719,-12.43059,27.42947,0.67174,-0.28391,-0.60689,-0.31597,-0.33067,-0.40920,0.00960,
1520519161735406848,-108.75953,-12.50818,27.38853,0.67104,-0.28551,-0.60626,-0.31724,-0.30609,-0.40911,0.00966,
1520519161815504128,-108.69307,-12.40600,27.44138,0.67217,-0.28110,-0.61001,-0.31153,-0.31629,-0.36185,0.01825,
1520519161935705088,-108.68854,-12.42240,27.44292,0.67334,-0.27668,-0.60950,-0.31397,-0.29767,-0.34398,0.03116,
1520519162015905280,-108.71662,-12.47208,27.44614,0.67448,-0.27460,-0.60901,-0.31428,-0.29969,-0.34928,0.03080,
1520519162136106496,-108.77690,-12.53151,27.42530,0.67522,-0.26807,-0.61101,-0.31445,-0.32221,-0.37887,0.01831,
1520519162216306688,-108.81169,-12.54968,27.40708,0.67387,-0.26993,-0.61124,-0.31531,-0.30980,-0.34858,0.02181,
1520519162336504064,-108.81764,-12.64876,27.31015,0.66932,-0.27921,-0.60796,-0.32315,-0.29836,-0.39211,-0.00419,
1520519162416604928,-108.78629,-12.54157,27.26167,0.66613,-0.28604,-0.60538,-0.32859,-0.27382,-0.35941,-0.03677,
1520519162536806144,-108.87098,-12.63242,27.25725,0.66332,-0.28504,-0.60770,-0.33086,-0.30047,-0.34967,-0.03290,
1520519162616907008,-108.90031,-12.61798,27.27498,0.66169,-0.28670,-0.60754,-0.33295,-0.28518,-0.31829,-0.01674,
1520519162737203712,-108.89142,-12.58267,27.26614,0.65941,-0.29074,-0.60734,-0.33435,-0.24958,-0.30242,-0.04022,
1520519162817304576,-108.90846,-12.60836,27.25654,0.65801,-0.29460,-0.60680,-0.33471,-0.23070,-0.29961,-0.05079,
1520519162937505792,-108.82581,-12.58926,27.45083,0.65995,-0.29051,-0.61269,-0.32354,-0.23679,-0.20519,0.01079,
1520519163017705984,-108.73610,-12.56622,27.46858,0.66146,-0.28562,-0.61516,-0.32010,-0.20371,-0.18323,0.02374,
1520519163137906944,-108.71244,-12.54434,27.45889,0.66062,-0.28860,-0.61540,-0.31870,-0.19263,-0.16549,0.01468,
1520519163218004224,-108.73735,-12.75525,27.40009,0.66255,-0.28703,-0.61586,-0.31523,-0.19259,-0.23689,0.02460,
1520519163338205440,-108.78379,-12.80527,27.41446,0.66287,-0.28677,-0.61732,-0.31191,-0.18484,-0.23015,0.03106,
1520519163418405632,-108.63629,-12.63664,27.42665,0.66118,-0.29233,-0.61600,-0.31294,-0.11069,-0.15202,0.01780,
1520519163538606592,-108.75216,-12.78294,27.41196,0.65975,-0.29726,-0.61361,-0.31600,-0.13955,-0.17754,0.00062,
1520519163618703872,-108.75987,-12.81796,27.41349,0.65946,-0.29672,-0.61475,-0.31489,-0.14893,-0.17447,0.02352,
1520519163738904832,-108.71343,-12.78105,27.43099,0.66000,-0.29658,-0.61330,-0.31671,-0.13506,-0.15087,0.05383,
1520519163819105024,-108.67588,-12.79866,27.42004,0.66147,-0.29502,-0.61321,-0.31527,-0.12183,-0.15747,0.04568,
1520519163939306240,-108.71472,-12.89900,27.43188,0.66334,-0.28907,-0.61504,-0.31328,-0.13814,-0.19991,0.04402,
1520519164019407360,-108.71965,-12.88143,27.42735,0.66281,-0.28895,-0.61433,-0.31591,-0.10839,-0.16621,0.03023,
1520519164139604480,-108.76204,-12.90910,27.42597,0.66249,-0.28852,-0.61468,-0.31629,-0.10713,-0.16684,0.01198,
1520519164219804672,-108.80029,-12.97652,27.42284,0.66351,-0.28650,-0.61529,-0.31478,-0.11956,-0.17400,0.03867,
1520519164340005888,-108.70766,-12.83470,27.42144,0.66141,-0.29211,-0.61237,-0.31972,-0.06903,-0.09700,0.03394,
1520519164420107008,-108.52963,-12.56565,27.45032,0.65912,-0.29949,-0.61006,-0.32202,0.00100,0.02861,0.03064,
1520519164540304128,-108.40069,-12.39790,27.44230,0.65530,-0.31127,-0.60451,-0.32903,0.05837,0.12034,0.03399,
1520519164620504320,-108.34097,-12.39417,27.40840,0.65059,-0.32278,-0.60072,-0.33419,0.10139,0.14063,0.01882,
1520519164740705536,-108.08511,-12.12834,27.43541,0.63619,-0.35935,-0.59034,-0.34299,0.20230,0.19184,-0.00342,
1520519164820806400,-107.97242,-11.83867,27.38029,0.63600,-0.36381,-0.58891,-0.34108,0.19913,0.22257,-0.01046,
1520519164941003776,-107.96837,-11.61879,27.36085,0.63332,-0.38809,-0.57541,-0.34234,0.24258,0.28406,-0.03942,
1520519165021203968,-107.96940,-11.57764,27.36212,0.62297,-0.43490,-0.55428,-0.33992,0.28176,0.31512,-0.05486,
1520519165141405184,-107.94070,-11.54448,27.35626,0.61308,-0.47281,-0.53078,-0.34476,0.22442,0.28798,0.00688,
1520519165221506048,-107.92707,-11.52175,27.35449,0.61178,-0.47644,-0.52362,-0.35292,0.18094,0.30163,0.03537,
1520519165341707264,-107.91346,-11.48173,27.35446,0.60991,-0.48736,-0.50873,-0.36289,0.19694,0.33378,0.05216,
1520519165421903616,-107.88809,-11.44960,27.36674,0.60190,-0.50862,-0.49293,-0.36883,0.24980,0.33461,0.02712,
1520519165542104832,-107.84923,-11.41503,27.36206,0.58580,-0.53924,-0.47325,-0.37695,0.25971,0.32051,0.00423,
1520519165622205696,-107.82376,-11.39009,27.36228,0.57506,-0.55845,-0.46031,-0.38152,0.26046,0.32160,0.00937,
1520519165742406912,-107.79423,-11.35525,27.36225,0.56479,-0.56914,-0.45002,-0.39317,0.21974,0.33811,0.03511,
1520519165822607104,-107.77722,-11.33152,27.36071,0.56377,-0.57050,-0.44835,-0.39456,0.21584,0.36012,0.01437,
1520519165942804224,-107.75212,-11.29049,27.36990,0.56744,-0.57035,-0.44619,-0.39194,0.16938,0.36069,0.07216,
1520519166022905344,-107.74512,-11.25638,27.38641,0.57001,-0.56691,-0.44537,-0.39415,0.14141,0.36992,0.08906,
1520519166143106560,-107.72929,-11.21086,27.39661,0.58923,-0.53636,-0.46765,-0.38266,0.02414,0.37714,0.13009,
1520519166223306752,-107.71894,-11.17927,27.39030,0.60194,-0.49590,-0.49398,-0.38436,0.04980,0.38792,0.13790,
1520519166343503872,-107.72754,-11.14141,27.40926,0.60221,-0.49997,-0.48732,-0.38715,0.14735,0.37917,0.10499,
1520519166423604992,-107.76118,-11.13288,27.42046,0.58830,-0.52689,-0.47173,-0.39213,0.13707,0.34979,0.08206,
1520519166543905280,-107.71239,-11.08583,27.42305,0.58375,-0.54765,-0.45508,-0.39015,0.16320,0.32719,0.06115,
1520519166624006144,-107.69123,-11.06174,27.42345,0.58622,-0.54083,-0.45392,-0.39724,0.17338,0.31857,0.05352,
1520519166744203520,-107.68033,-11.02240,27.43479,0.59157,-0.53223,-0.44926,-0.40614,0.15456,0.36279,0.06475,
1520519166824403712,-107.66653,-10.98932,27.44892,0.59560,-0.52929,-0.44349,-0.41040,0.15091,0.39066,0.11931,
1520519166944604928,-107.58894,-10.93395,27.44093,0.58999,-0.54288,-0.43226,-0.41274,0.20959,0.40180,0.07176,
1520519167024705792,-107.58978,-10.90621,27.45067,0.58458,-0.55277,-0.42726,-0.41250,0.16368,0.38421,0.06422,
1520519167144907008,-107.55307,-10.86518,27.44496,0.58587,-0.54532,-0.43013,-0.41756,0.16219,0.39289,0.08911,
1520519167225004288,-107.54065,-10.83033,27.45261,0.58358,-0.54967,-0.42634,-0.41895,0.18286,0.41124,0.09053,
1520519167345304576,-107.53575,-10.77558,27.47170,0.57702,-0.55805,-0.42274,-0.42062,0.17525,0.43854,0.06984,
1520519167425405440,-107.51120,-10.73413,27.44060,0.57702,-0.55903,-0.42366,-0.41839,0.17738,0.45664,0.05307,
1520519167545606656,-107.52433,-10.68664,27.47040,0.57403,-0.56342,-0.42247,-0.41780,0.13399,0.46663,0.09462,
1520519167625806848,-107.52108,-10.68116,27.42846,0.57002,-0.56613,-0.42277,-0.41933,0.12603,0.42927,0.05107,
1520519167746004224,-107.53702,-10.62222,27.46558,0.56613,-0.56681,-0.42460,-0.42182,0.09119,0.43760,0.06188,
1520519167826105088,-107.54875,-10.56471,27.51205,0.56763,-0.56537,-0.42667,-0.41965,0.06069,0.47758,0.10499,
1520519167946306304,-107.57763,-10.49314,27.52627,0.57419,-0.55267,-0.43723,-0.41676,-0.00724,0.50115,0.12796,
1520519168026506496,-107.55566,-10.44666,27.55063,0.59474,-0.53204,-0.45701,-0.39288,-0.05341,0.47942,0.15261,
1520519168146703616,-107.62169,-10.39123,27.55614,0.63623,-0.43846,-0.51176,-0.37558,-0.16071,0.37218,0.16805,
1520519168226804736,-107.62628,-10.36997,27.55107,0.65719,-0.40774,-0.52182,-0.35993,-0.08154,0.38694,0.13297,
1520519168347005952,-107.67054,-10.37112,27.53837,0.68478,-0.35174,-0.55598,-0.31344,-0.09920,0.43023,0.08793,
1520519168427206144,-107.70325,-10.39347,27.53583,0.70933,-0.27659,-0.59292,-0.26228,-0.13441,0.35761,0.10401,
1520519168547407104,-107.71438,-10.37562,27.55371,0.71745,-0.24218,-0.60212,-0.25310,-0.12108,0.32530,0.10819,
1520519168627504384,-107.72877,-10.39109,27.52528,0.71599,-0.22457,-0.61238,-0.24882,-0.14678,0.30908,0.07793,
1520519168747705344,-107.73877,-10.35891,27.52542,0.70730,-0.19097,-0.63604,-0.24231,-0.15776,0.36470,0.04835,
1520519168827905536,-59.54274,-10.49515,14.22889,0.71051,0.22816,-0.63505,0.19957,-0.43364,0.00517,0.02898,
1520519168948106752,-59.59805,-10.49458,14.23358,0.68493,0.26564,-0.64730,0.20326,-0.45471,-0.00197,0.04300,
1520519169028204032,-59.63659,-10.49582,14.23863,0.66013,0.30838,-0.64762,0.22297,-0.43157,-0.00152,0.04320,
1520519169148404992,-59.68138,-10.48733,14.24207,0.60646,0.38301,-0.63731,0.28167,-0.41730,0.09637,0.05326,
1520519169228605184,-59.71815,-10.48057,14.24684,0.51046,0.47560,-0.60897,0.37734,-0.48196,0.12582,0.04502,
1520519169348806400,-59.77336,-10.46767,14.25115,0.28511,0.66196,-0.46272,0.51616,-0.45836,0.13379,0.08311,
1520519169428903680,-59.81507,-10.44684,14.26018,0.42201,0.60407,-0.46983,0.48607,-0.52713,0.34043,0.10402,
1520519169549104640,-59.88578,-10.40956,14.27142,0.44285,0.57881,-0.48598,0.48237,-0.58587,0.32900,0.06531,
1520519169629304832,-59.93341,-10.38850,14.27453,0.43897,0.57534,-0.48720,0.48881,-0.61051,0.30215,0.05218,
1520519169749506048,-60.00921,-10.34858,14.28475,0.43760,0.57329,-0.48851,0.49112,-0.63911,0.34836,0.08699,
1520519169829606912,-60.06146,-10.32550,14.29102,0.44374,0.56672,-0.49276,0.48899,-0.67834,0.38926,0.10651,
1520519169949804288,-60.14537,-10.27812,14.30372,0.45532,0.55078,-0.50850,0.48036,-0.74091,0.42428,0.11134,
1520519170030004480,-60.20716,-10.24331,14.31695,0.46430,0.53117,-0.52127,0.48017,-0.79555,0.48361,0.12417,
1520519170150205696,-60.30508,-10.17874,14.33365,0.50849,0.46887,-0.54463,0.47431,-0.84786,0.59345,0.12688,
1520519170230306560,-60.37384,-10.12993,14.34679,0.53948,0.42051,-0.55649,0.47165,-0.85838,0.61428,0.13581,
1520519170350503936,-60.47870,-10.05561,14.36987,0.54451,0.35424,-0.57297,0.49974,-0.88290,0.59699,0.15135,
1520519170430704128,-60.54999,-10.00338,14.38196,0.55945,0.34581,-0.58028,0.48032,-0.91272,0.63653,0.13676,
1520519170550905344,-60.66215,-9.92103,14.39736,0.56337,0.34014,-0.59768,0.45792,-0.93150,0.60562,0.15144,
1520519170631006208,-60.72682,-9.88131,14.41066,0.56611,0.35139,-0.60209,0.43993,-0.93050,0.61781,0.13539,
1520519170751203584,-60.84481,-9.80132,14.42468,0.55741,0.36322,-0.62235,0.41237,-0.94362,0.64003,0.12855,
1520519170831403776,-60.92453,-9.75222,14.43438,0.52474,0.36925,-0.65684,0.39606,-0.98084,0.65528,0.12397,
1520519170951604736,-61.04540,-9.67037,14.45571,-0.47958,-0.38367,0.69475,-0.37432,-1.02766,0.64632,0.17169,
1520519171031705856,-61.13234,-9.61786,14.46636,-0.47824,-0.39437,0.68374,-0.38504,-1.03662,0.67398,0.11751,
1520519171152006144,-61.26489,-9.54308,14.47672,-0.48081,-0.38935,0.70079,-0.35513,-1.19205,0.59125,0.06557,
1520519171232107264,-61.36155,-9.49896,14.48418,-0.49144,-0.37782,0.71968,-0.31272,-1.26304,0.57026,0.10841,
1520519171352304384,-61.51568,-9.42904,14.49945,-0.47658,-0.36674,0.74942,-0.27702,-1.24554,0.59928,0.15067,
1520519171432405504,-61.61243,-9.36967,14.51018,-0.47179,-0.37215,0.75361,-0.26644,-1.20714,0.67488,0.16418,
1520519171552705792,-61.75028,-9.27074,14.52753,-0.46179,-0.37032,0.76642,-0.24943,-1.19189,0.75690,0.16834,
1520519171632806656,-61.85219,-9.22629,14.54518,-0.45846,-0.36704,0.77242,-0.24179,-1.17888,0.76334,0.18569,
1520519171753004032,-61.98512,-9.11957,14.56624,-0.46441,-0.37223,0.76900,-0.23325,-1.18074,0.79487,0.21273,
1520519171833204224,-62.08473,-9.06483,14.58633,-0.46617,-0.37234,0.76974,-0.22704,-1.21123,0.77028,0.23757,
1520519171953405440,-62.17029,-8.87992,14.60628,-0.46185,-0.37421,0.77334,-0.22047,-1.17040,0.82765,0.25403,
1520519172033506304,-62.32707,-8.90905,14.63822,-0.44450,-0.37474,0.78458,-0.21548,-1.23180,0.77131,0.31708,
1520519172153703680,-62.46864,-8.80293,14.67833,-0.45532,-0.38231,0.77447,-0.21617,-1.18158,0.90394,0.36306,
1520519172233903872,-62.56612,-8.74250,14.70767,-0.46416,-0.37840,0.77248,-0.21129,-1.22560,0.94862,0.36217,
1520519172354105088,-62.71092,-8.62395,14.75171,-0.47249,-0.37196,0.77127,-0.20865,-1.27562,0.99364,0.37718,
1520519172434205952,-62.82374,-8.56461,14.78515,-0.48153,-0.36636,0.76945,-0.20458,-1.30808,1.00654,0.40671,
1520519172554407168,-63.00573,-8.49465,14.83843,-0.49151,-0.33637,0.77876,-0.19702,-1.36630,1.04146,0.44310,
1520519172634603520,-63.10213,-8.39067,14.87053,0.50382,0.31113,-0.78337,0.18894,-1.38898,1.10515,0.42504,
1520519172754804736,-63.29914,-8.30918,14.92376,0.50959,0.26508,-0.79933,0.17642,-1.46662,1.11797,0.42342,
1520519172834905600,-63.40961,-8.20005,14.95679,0.51581,0.23019,-0.80849,0.16521,-1.42658,1.16410,0.41927,
1520519172834905600,-63.29084,-7.89543,15.00667,0.52337,0.18980,-0.81892,0.13942,-1.30421,1.29972,0.41927,
1520519172955106816,-63.44693,-7.71987,15.05791,0.53354,0.13821,-0.82521,0.12359,-1.28087,1.32987,0.42786,
1520519173035307008,-63.54848,-7.60629,15.09270,0.53487,0.10586,-0.82929,0.12239,-1.25711,1.34108,0.44095,
1520519173155504128,-63.69451,-7.44482,15.14871,0.54363,0.06985,-0.82563,0.13388,-1.18017,1.34143,0.46751,
1520519173235605248,-63.67925,-7.29479,15.17213,0.56615,0.06179,-0.80770,0.15254,-1.01664,1.38888,0.48421,
1520519173355806464,-63.83044,-7.12549,15.23808,0.59379,0.06303,-0.78221,0.17771,-1.01204,1.37890,0.52982,
1520519173436006656,-63.96595,-7.02812,15.29449,0.62232,0.07354,-0.75416,0.19635,-1.08207,1.32957,0.59319,
1520519173556203776,-64.04685,-6.89242,15.36224,0.65774,0.11003,-0.71154,0.22132,-1.02071,1.20269,0.60698,
1520519173636304896,-64.11549,-6.79821,15.40608,0.68104,0.14687,-0.67800,0.23437,-0.97122,1.18583,0.58374,
1520519173756505856,-64.21583,-6.66436,15.46301,0.70802,0.20115,-0.63013,0.24736,-0.97002,1.20676,0.49247,
1520519173836706048,-64.30064,-6.56326,15.50001,0.71313,0.21853,-0.61753,0.24969,-1.03161,1.25303,0.46853,
1520519173956903424,-64.46606,-6.39303,15.55693,0.71507,0.22100,-0.61502,0.24817,-1.12233,1.33177,0.47330,
1520519174037004544,-64.55518,-6.28675,15.59445,0.71467,0.21946,-0.61592,0.24845,-1.11137,1.35836,0.46606,
1520519174157205504,-64.68873,-6.12318,15.65087,0.71814,0.21876,-0.61224,0.24816,-1.11379,1.38393,0.49723,
1520519174237405696,-64.77570,-6.01231,15.69165,0.71615,0.20877,-0.61828,0.24754,-1.12989,1.39988,0.50624,
1520519174357606912,-64.89746,-5.85040,15.74936,0.71726,0.19923,-0.62268,0.24107,-1.12552,1.43262,0.48152,
1520519174437704192,-64.97829,-5.74137,15.78586,0.71881,0.19533,-0.62297,0.23890,-1.11016,1.44379,0.46592,
1520519174557905152,-65.15452,-5.56579,15.83300,0.72263,0.19786,-0.61787,0.23853,-1.12025,1.46310,0.46587,
1520519174638105344,-45.71740,-7.78875,8.84608,0.74932,0.11741,-0.63614,0.14164,-0.70171,1.71092,0.46720,
1520519174758306560,-45.79762,-7.58699,8.90180,0.75001,0.12168,-0.63472,0.14073,-0.72941,1.73723,0.46259,
1520519174838403584,-45.95764,-7.43426,8.92764,0.74975,0.12237,-0.63545,0.13824,-0.80491,1.75450,0.45661,
1520519174958604800,-45.95377,-7.24671,8.99099,0.75235,0.12889,-0.63210,0.13345,-0.72824,1.73814,0.45666,
1520519175038804992,-46.00497,-7.11323,9.02770,0.75435,0.13444,-0.62889,0.13183,-0.72344,1.74073,0.48905,
1520519175159006208,-46.08830,-6.90579,9.08645,0.75083,0.13089,-0.63411,0.13050,-0.73725,1.77670,0.48578,
1520519175239206400,-46.14463,-6.76459,9.12526,0.75072,0.13140,-0.63411,0.13063,-0.73979,1.80333,0.47728,
1520519175359304448,-46.23638,-6.53895,9.18099,0.75034,0.13002,-0.63540,0.12788,-0.75513,1.84951,0.47218,
1520519175439504640,-46.27944,-6.40016,9.22262,0.74899,0.12850,-0.63774,0.12569,-0.72977,1.85155,0.47139,
1520519175559705856,-46.39002,-6.19889,9.27712,0.74881,0.13240,-0.63731,0.12483,-0.74705,1.83612,0.46595,
1520519175639806720,-46.43167,-6.04795,9.31196,0.74793,0.13542,-0.63774,0.12469,-0.74081,1.84209,0.46772,
1520519175760107008,-46.48588,-5.83403,9.37445,0.74442,0.14190,-0.64069,0.12338,-0.70228,1.85830,0.47364,
1520519175840204288,-46.51977,-5.69157,9.41135,0.74565,0.16177,-0.63407,0.12563,-0.67404,1.87716,0.42218,
1520519175960405248,-46.88280,-5.28836,9.41419,0.74632,0.16815,-0.63169,0.12530,-0.84000,2.02801,0.44743,
1520519176040605440,-46.76597,-5.23335,9.48839,0.74580,0.16079,-0.63518,0.12033,-0.77682,1.98659,0.47690,
1520519176160806656,-46.85622,-4.99311,9.53953,0.74545,0.14801,-0.64033,0.11124,-0.78693,2.00588,0.46483,
1520519176240903936,-46.96509,-4.81040,9.56695,0.74252,0.12859,-0.65029,0.09619,-0.82759,2.04294,0.46754,
1520519176361104896,-47.37744,-4.38832,9.53835,0.73295,0.08311,-0.67188,0.06672,-0.98990,2.15651,0.42692,
1520519176441305088,-47.62656,-4.28260,9.50764,0.72887,0.06387,-0.67982,0.05004,-1.08112,2.13625,0.39875,
1520519176561506304,-47.77406,-4.05447,9.53812,0.71929,0.03200,-0.69334,0.02967,-1.09628,2.14748,0.38801,
1520519176641603584,-61.25038,-8.70517,13.08108,0.70787,0.10235,-0.69108,0.10421,-1.50321,1.84182,0.39129,
1520519176761804544,-61.40562,-8.46735,13.13470,0.70634,0.09620,-0.69439,0.09825,-1.46786,1.84302,0.39946,
1520519176842004736,-61.59291,-8.34255,13.15882,0.70802,0.09870,-0.69245,0.09738,-1.53636,1.82109,0.39597,
1520519176962205952,-61.79756,-8.18983,13.21885,0.70887,0.09555,-0.69236,0.09493,-1.57935,1.77801,0.42622,
1520519177042306816,-61.94616,-8.05890,13.25111,0.70851,0.09148,-0.69368,0.09194,-1.61075,1.77688,0.41936,
1520519177162504192,-62.13423,-7.88640,13.30150,0.70537,0.08599,-0.69772,0.09082,-1.61745,1.75963,0.41551,
1520519177242704384,-62.31413,-7.70463,13.29359,0.70832,0.08609,-0.69496,0.08892,-1.65357,1.80232,0.38550,
1520519177362905600,-62.48951,-7.55664,13.36154,0.71033,0.09041,-0.69206,0.09114,-1.65402,1.76439,0.41243,
1520519177443006464,-62.63062,-7.43488,13.39357,0.71191,0.09287,-0.69002,0.09180,-1.66747,1.75746,0.40885,
1520519177563203840,-62.83892,-7.25428,13.44330,0.71159,0.09415,-0.68993,0.09365,-1.68344,1.74548,0.40972,
1520519177643404032,-62.96968,-7.10406,13.47449,0.71084,0.09310,-0.69075,0.09439,-1.69160,1.75633,0.41274,
1520519177763604992,-63.16007,-6.86348,13.52408,0.71444,0.09660,-0.68620,0.09682,-1.68366,1.77824,0.40725,
1520519177843706112,-63.31434,-6.75973,13.55596,0.71442,0.09815,-0.68575,0.09855,-1.69773,1.75843,0.41777,
1520519177843706112,-83.95296,-1.20598,24.98114,0.60394,-0.37566,-0.58204,-0.39416,1.50398,1.92676,0.41777,
1520519177963903488,-63.43296,-6.45533,13.55566,0.71719,0.09641,-0.68305,0.09892,-1.65145,1.83895,0.39682,
1520519178044103680,-63.66974,-6.44075,13.61775,0.71647,0.09836,-0.68306,0.10212,-1.72442,1.77016,0.40425,
1520519178164304640,-63.87730,-6.24404,13.66806,0.71934,0.10239,-0.67908,0.10447,-1.72662,1.76718,0.40055,
1520519178244405760,-64.02445,-6.11640,13.69919,0.72063,0.10440,-0.67723,0.10562,-1.74641,1.76758,0.39881,
1520519178364606976,-64.28401,-5.86936,13.70385,0.72340,0.10834,-0.67399,0.10339,-1.77763,1.78190,0.40792,
1520519178444803328,-64.39786,-5.83269,13.76500,0.72410,0.11169,-0.67248,0.10479,-1.78670,1.73961,0.40795,
1520519178565004288,-64.61537,-5.62429,13.81318,0.72126,0.11060,-0.67564,0.10517,-1.81570,1.75813,0.41243,
1520519178645105408,-64.76383,-5.48462,13.84805,0.71889,0.10997,-0.67829,0.10504,-1.84755,1.76466,0.44256,
1520519178765306368,-64.98187,-5.26587,13.90250,0.71420,0.10358,-0.68428,0.10467,-1.88815,1.81288,0.42903,
1520519178845506560,-65.12698,-5.12656,13.93583,0.71254,0.10510,-0.68574,0.10487,-1.88782,1.82222,0.38896,
1520519178965703936,-65.35606,-4.89231,13.98177,0.71212,0.10931,-0.68551,0.10494,-1.88919,1.83187,0.39040,
1520519179045805056,-65.78036,-4.95512,14.02053,0.71018,0.11570,-0.68618,0.10680,-2.02094,1.72563,0.38536,
1520519179166006016,-65.75646,-4.57238,14.05770,0.71233,0.11439,-0.68513,0.10050,-1.92073,1.79475,0.41964,
1520519179246206208,-65.90047,-4.43065,14.08924,0.71164,0.10998,-0.68705,0.09715,-1.92121,1.80030,0.42598,
1520519179366403584,-66.11385,-4.24415,14.14709,0.71235,0.11141,-0.68615,0.09669,-1.88804,1.79330,0.42171,
1520519179446504704,-66.23964,-4.04523,14.17552,0.71535,0.11674,-0.68195,0.09795,-1.86918,1.82555,0.42149,
1520519179566705664,-66.46989,-3.81619,14.22714,0.71625,0.12119,-0.68021,0.09802,-1.90895,1.84094,0.42886,
1520519179646905856,-66.62605,-3.67343,14.26204,0.71645,0.11930,-0.68051,0.09680,-1.94639,1.84558,0.44197,
1520519179767103232,-66.86026,-3.44398,14.31622,0.71591,0.11562,-0.68177,0.09644,-1.94937,1.86640,0.44573,
1520519179847303424,-67.01604,-3.30829,14.35045,0.71549,0.11275,-0.68286,0.09527,-1.97480,1.88461,0.44463,
1520519179967504384,-67.25575,-3.06578,14.40496,0.71373,0.10795,-0.68580,0.09278,-1.97797,1.89898,0.43615,
1520519180047605504,-67.41558,-2.93421,14.43835,0.71332,0.10709,-0.68634,0.09295,-1.97939,1.89695,0.43805,
1520519180167806720,-67.64912,-2.68717,14.49165,0.71305,0.10649,-0.68677,0.09260,-1.99669,1.91832,0.43457,
1520519180247903744,-67.81755,-2.55531,14.52597,0.71294,0.10660,-0.68703,0.09132,-2.00673,1.91985,0.44828,
1520519180368204032,-68.05006,-2.30215,14.58244,0.71102,0.10592,-0.68870,0.09444,-1.98286,1.92226,0.45824,
1520519180448305152,-68.36431,-2.25155,14.63345,0.71408,0.11802,-0.68267,0.10063,-2.04914,1.89371,0.45233,
1520519180568506368,-68.44085,-1.84718,14.64877,0.71510,0.11481,-0.68195,0.10194,-2.01489,1.97503,0.42803,
1520519180648706560,-68.64260,-1.81271,14.70314,0.71483,0.11530,-0.68203,0.10276,-2.05101,1.94578,0.42074,
1520519180768903680,-68.85055,-1.56106,14.75825,0.71232,0.11121,-0.68560,0.10094,-2.06591,1.95582,0.46839,
1520519180849004800,-69.00746,-1.43697,14.79672,0.71151,0.11151,-0.68635,0.10123,-2.08066,1.95956,0.45525,
1520519180969205760,-69.23859,-1.17902,14.85220,0.71032,0.11046,-0.68780,0.10090,-2.06741,1.97871,0.45445,
1520519181049405952,-69.42831,-1.07665,14.88636,0.71012,0.11086,-0.68770,0.10254,-2.08127,1.97393,0.45549,
1520519181169603328,-69.65759,-0.78844,14.94221,0.70833,0.10943,-0.68994,0.10137,-2.09237,1.99898,0.46864,
1520519181249704448,-69.87437,-0.70394,14.97731,0.70871,0.11189,-0.68910,0.10177,-2.11139,1.98766,0.48984,
1520519181369905408,-70.08019,-0.40112,15.03770,0.71098,0.11359,-0.68610,0.10422,-2.11948,2.01921,0.47305,
1520519181450105600,-70.31755,-0.33275,15.07021,0.71195,0.11724,-0.68449,0.10415,-2.14732,2.00246,0.43348,
1520519181570306816,-70.54409,-0.00387,15.12422,0.71058,0.11078,-0.68736,0.10170,-2.13324,2.03728,0.46263,
1520519181650404096,-70.78849,0.04409,15.15922,0.71009,0.10866,-0.68781,0.10426,-2.15881,2.01252,0.45834,
1520519181770605056,-70.97270,0.38999,15.21639,0.70637,0.09962,-0.69325,0.10260,-2.19377,2.06016,0.47671,
1520519181850805248,-71.24024,0.42773,15.25421,0.70115,0.09336,-0.69955,0.10148,-2.22302,2.02554,0.50469,
1520519181971006464,-71.58468,0.56722,15.30561,0.70191,0.09890,-0.69752,0.10497,-2.23070,2.00507,0.45389,
1520519182051103488,-71.76917,0.68909,15.34025,0.70394,0.10439,-0.69454,0.10575,-2.23621,2.01711,0.46354,
1520519182171304704,-71.90772,1.16316,15.39981,0.70506,0.10390,-0.69420,0.10094,-2.24099,2.08235,0.49135,
1520519182251504896,-72.24477,1.13502,15.43616,0.70338,0.10320,-0.69605,0.10062,-2.29585,2.04098,0.49716,
1520519182371706112,-72.39393,1.55363,15.49786,0.70378,0.09906,-0.69674,0.09714,-2.27744,2.09724,0.48158,
1520519182451803136,-72.72969,1.52179,15.53360,0.70234,0.09705,-0.69849,0.09696,-2.32249,2.07583,0.47934,
1520519182572004352,-72.83258,1.99159,15.59315,0.69731,0.08236,-0.70626,0.09036,-2.30591,2.16287,0.47465,
1520519182652204544,-73.21329,1.88909,15.62812,0.69098,0.07318,-0.71357,0.08951,-2.37340,2.13120,0.47062,
1520519182772405504,-72.78672,3.80178,15.65417,0.68221,0.02712,-0.72785,0.06400,-2.27266,2.52605,0.46527,
1520519182852506624,-72.71291,4.52076,15.69354,0.66912,-0.00079,-0.74086,0.05828,-2.25565,2.66647,0.45201,
1520519182852506624,-79.92041,14.37063,26.01306,0.61346,-0.35992,-0.64756,-0.27348,1.06652,3.32574,0.45201,
1520519182972704000,-72.89130,5.25716,15.72060,0.64714,-0.03924,-0.75973,0.04987,-2.24334,2.77655,0.43928,
1520519183052904192,-106.44258,-0.44356,32.68031,0.61381,-0.32505,-0.69424,-0.18869,0.24488,3.54951,0.46114,
1520519183173105152,-106.32482,-0.02505,32.68389,0.61419,-0.32882,-0.69048,-0.19464,0.25297,3.51635,0.47310,
1520519183253206272,-107.07279,0.16231,32.77170,0.61601,-0.32153,-0.69439,-0.18700,0.02430,3.49650,0.49361,
1520519183373506560,-105.57783,0.66422,32.70847,0.60901,-0.35321,-0.67734,-0.21345,0.57073,3.54810,0.45894,
1520519183453603840,-108.03065,0.60626,32.87067,0.62076,-0.30928,-0.69805,-0.17812,-0.32882,3.41890,0.50586,
1520519183573804800,-108.12449,0.81519,32.94024,0.62475,-0.30388,-0.69638,-0.18001,-0.36688,3.37188,0.52131,
1520519183653905920,-108.04886,1.12284,32.97080,0.62532,-0.30669,-0.69413,-0.18194,-0.35079,3.40657,0.53863,
1520519183774103040,-108.08204,1.47553,33.02831,0.62756,-0.30613,-0.69222,-0.18243,-0.36099,3.39472,0.54608,
1520519183854303232,-108.90735,1.29270,33.08492,0.63088,-0.29281,-0.69804,-0.17030,-0.62514,3.24858,0.55528,
1520519183974504448,-110.09540,0.70412,33.14504,0.63801,-0.27238,-0.70387,-0.15272,-0.99044,2.92961,0.55904,
1520519184054605568,-111.26938,-0.19568,33.15751,0.64640,-0.24702,-0.71015,-0.12977,-1.35398,2.55291,0.56470,
1520519184174905856,-111.04673,0.27714,33.18275,0.66086,-0.22957,-0.70432,-0.12040,-1.30410,2.55372,0.58534,
1520519184255006720,-110.61090,0.73843,33.21567,0.67357,-0.21702,-0.69515,-0.12636,-1.10512,2.62332,0.60074,
1520519184375204096,-110.67612,1.04379,33.29287,0.69233,-0.17066,-0.69161,-0.11504,-1.08925,2.57160,0.60642,
1520519184455305216,-110.68498,1.13132,33.32918,0.69484,-0.13188,-0.70004,-0.09875,-1.02799,2.43981,0.55194,
1520519184575605504,-110.85350,1.39076,33.38220,0.71151,-0.02808,-0.69781,-0.07759,-1.01197,2.36625,0.51179,
1520519184655706368,-110.97929,1.76984,33.39058,0.70816,0.01947,-0.70296,-0.06303,-1.02099,2.51954,0.50208,
1520519184775903744,-110.98131,1.97083,33.43026,0.70110,0.05921,-0.70820,-0.05836,-0.92090,2.53873,0.50733,
1520519184856004608,-110.99954,2.23070,33.45659,0.69736,0.08567,-0.70986,-0.04951,-0.87341,2.61060,0.50262,
1520519184976304896,-111.06179,2.39995,33.52796,0.69022,0.12269,-0.71217,-0.03686,-0.83490,2.53857,0.47596,
1520519185056406016,-111.15401,2.75251,33.56426,0.68957,0.14472,-0.70902,-0.02902,-0.87035,2.72383,0.47895,
1520519185176603392,-111.20237,3.03461,33.64314,0.68688,0.14293,-0.71196,-0.02985,-0.83080,2.70117,0.55418,
1520519185256803584,-111.41330,3.48648,33.65632,0.68941,0.13938,-0.71017,-0.03064,-1.01497,2.94952,0.51130,
1520519185377004544,-111.63345,3.94079,33.68059,0.68027,0.14422,-0.71799,-0.03044,-1.21622,3.00868,0.43354,
1520519185457105664,-111.70436,4.15002,33.72116,0.67237,0.15182,-0.72375,-0.03251,-1.22706,2.97499,0.47480,
1520519185577306624,-111.84538,4.52229,33.78683,0.66003,0.14487,-0.73516,-0.05404,-1.23550,3.03279,0.48326,
1520519185657403904,-111.90335,4.68682,33.84455,0.64738,0.14487,-0.74639,-0.05303,-1.16154,3.01533,0.51609,
1520519185777704192,-112.04376,5.07118,33.90490,0.64591,0.14135,-0.74816,-0.05540,-1.01750,3.07497,0.54224,
1520519185857805312,-112.07661,5.26565,33.96190,0.64631,0.14459,-0.74791,-0.04478,-0.91331,3.09519,0.52682,
1520519185978006272,-112.18354,5.64054,34.02264,0.64378,0.11393,-0.75387,-0.06523,-0.82801,3.14796,0.47592,
1520519186058206464,-112.30876,5.97424,34.04664,0.64365,0.12276,-0.75304,-0.05977,-0.89651,3.21035,0.44904,
1520519186178403840,-112.42491,6.38501,34.10389,0.64206,0.13094,-0.75293,-0.06084,-0.99030,3.21579,0.52205,
1520519186258504960,-112.46395,6.58646,34.14705,0.64239,0.13159,-0.75261,-0.05998,-1.00422,3.17470,0.56959,
1520519186378705920,-112.58330,6.95338,34.22131,0.64630,0.13117,-0.74934,-0.05990,-1.02163,3.18994,0.57732,
1520519186458906112,-112.65456,7.20821,34.26617,0.64672,0.12751,-0.74947,-0.06154,-1.01128,3.21220,0.56322,
1520519186579103488,-112.74701,7.55947,34.33052,0.64929,0.12392,-0.74782,-0.06197,-0.97749,3.20739,0.55718,
1520519186659204608,-112.80885,7.80638,34.37312,0.65224,0.12368,-0.74521,-0.06274,-0.96646,3.20327,0.55681,
1520519186779405568,-112.92767,8.19970,34.43530,0.65587,0.11920,-0.74262,-0.06436,-0.97394,3.20681,0.56363,
1520519186859605760,-113.05288,8.50837,34.47936,0.65864,0.11975,-0.74007,-0.06445,-1.00317,3.23345,0.58502,
1520519186979806976,-113.17855,9.11246,34.51056,0.66047,0.10234,-0.74072,-0.06815,-1.04559,3.41018,0.59088,
1520519187059907840,-113.30609,9.35368,34.57570,0.66007,0.07512,-0.74348,-0.07683,-1.08710,3.47569,0.59391,
1520519187180101376,-113.34027,10.14723,34.49183,0.64603,-0.00060,-0.75716,-0.09675,-1.03306,3.78687,0.48470,
1520519187260301568,-113.42520,10.44177,34.41003,0.62760,-0.05533,-0.76970,-0.10306,-1.01165,3.83128,0.40195,
1520519187380502784,-113.43496,10.76075,34.43529,0.61416,-0.09802,-0.77716,-0.09603,-0.87157,3.72846,0.36325,
1520519187460603648,-113.51288,11.04553,34.49222,0.61545,-0.10127,-0.77747,-0.08063,-0.83298,3.66835,0.38678,
1520519187580804864,-113.64154,11.43882,34.57794,0.62941,-0.07675,-0.77058,-0.06454,-0.84254,3.57422,0.46678,
1520519187661005056,-113.69289,11.62963,34.64493,0.63347,-0.06825,-0.76890,-0.05338,-0.86512,3.52738,0.52489,
1520519187781206016,-113.75657,12.04858,34.68600,0.64268,-0.05329,-0.76321,-0.04042,-0.83158,3.53400,0.49462,
1520519187861307136,-113.86762,12.45505,34.69040,0.65074,-0.03158,-0.75780,-0.03569,-0.86140,3.67339,0.43087,
1520519187861307136,-98.86199,23.17405,30.40813,0.64940,-0.05402,-0.75654,-0.05496,-0.64230,3.71796,0.43087,
1520519187981508352,-98.92596,23.62334,30.42473,0.64616,-0.05545,-0.75956,-0.04975,-0.66912,3.75432,0.40959,
1520519188061708544,-98.90369,23.86504,30.43864,0.64678,-0.05190,-0.75929,-0.04968,-0.58685,3.69144,0.40821,
1520519188181901824,-98.97718,24.32623,30.48473,0.65419,-0.04177,-0.75353,-0.04983,-0.57896,3.76004,0.42565,
1520519188262002944,-98.97994,24.62389,30.48282,0.65805,-0.04550,-0.74957,-0.05519,-0.54074,3.78903,0.39479,
1520519188382204160,-99.03896,25.05158,30.53063,0.65095,-0.06601,-0.75375,-0.06137,-0.55831,3.81028,0.39446,
1520519188462404352,-99.07312,25.35214,30.56080,0.64653,-0.07420,-0.75661,-0.06353,-0.54292,3.80448,0.39312,
1520519188582605312,-99.13799,25.81989,30.61277,0.64278,-0.08615,-0.75847,-0.06427,-0.53059,3.78802,0.40058,
1520519188662805504,-99.23476,26.15853,30.64075,0.64875,-0.08326,-0.75378,-0.06331,-0.56626,3.81706,0.40118,
1520519188783006720,-99.24404,26.56844,30.64566,0.64824,-0.09666,-0.75256,-0.06396,-0.55246,3.80715,0.37670,
1520519188863107584,-99.27748,26.84263,30.68529,0.64834,-0.10148,-0.75152,-0.06755,-0.54903,3.78725,0.37309,
1520519188983301120,-99.31138,27.24700,30.68764,0.64436,-0.11251,-0.75318,-0.06966,-0.52889,3.77061,0.35047,
1520519189063402240,-99.38125,27.57870,30.75439,0.64320,-0.11309,-0.75421,-0.06838,-0.50590,3.74129,0.36843,
1520519189183702528,-99.44169,28.04893,30.81725,0.65294,-0.09321,-0.74941,-0.05798,-0.47873,3.74620,0.38806,
1520519189263803392,-99.40961,28.32155,30.81308,0.66309,-0.07208,-0.74330,-0.05123,-0.43243,3.77737,0.34042,
1520519189384004608,-99.56332,28.88200,30.88520,0.65550,-0.07602,-0.74960,-0.05127,-0.53633,3.91144,0.36511,
1520519189464204800,-99.64710,29.32750,30.87543,0.65985,-0.06238,-0.74761,-0.04233,-0.55804,3.99782,0.36165,
1520519189584406016,-99.73937,29.81970,30.95068,0.66172,-0.06142,-0.74628,-0.03760,-0.60376,4.03581,0.41548,
1520519189664506880,-99.62888,30.03084,30.91365,0.66455,-0.06540,-0.74342,-0.03779,-0.52155,3.98035,0.39766,
1520519189784708096,-99.87051,30.63127,31.03092,0.67001,-0.06614,-0.73833,-0.03970,-0.68274,4.02952,0.47355,
1520519189864908288,-99.96969,31.02701,31.07758,0.67387,-0.05858,-0.73533,-0.04177,-0.74700,4.07080,0.47381,
1520519189985101824,-99.83181,31.29786,31.04490,0.66738,-0.04619,-0.74179,-0.04713,-0.57995,3.83988,0.38974,
1520519190065202688,-100.00170,31.71425,31.13193,0.67410,-0.01124,-0.73740,-0.04125,-0.64338,3.87134,0.45835,
1520519190185403904,-100.11701,32.20767,31.20342,0.66691,0.00083,-0.74285,-0.05842,-0.68888,3.91569,0.46696,
1520519190265604096,-100.24295,32.62272,31.22006,0.66172,0.00667,-0.74656,-0.06878,-0.76811,4.05015,0.42898,
1520519190385805056,-100.34389,33.09773,31.27932,0.65296,0.01361,-0.75288,-0.08139,-0.78977,4.11620,0.43730,
1520519190465906176,-100.36176,33.40948,31.31707,0.64930,0.01355,-0.75532,-0.08781,-0.74565,4.12560,0.43883,
1520519190586107136,-100.47403,33.91251,31.36275,0.64589,0.01837,-0.75778,-0.09090,-0.72074,4.15326,0.44238,
1520519190666307328,-100.54326,34.26070,31.40118,0.64087,0.01528,-0.76124,-0.09784,-0.70107,4.18699,0.43032,
1520519190786508544,-100.61896,34.77248,31.45471,0.63623,0.01253,-0.76477,-0.10094,-0.65477,4.23475,0.41962,
1520519190866601984,-100.51236,34.98773,31.40097,0.63661,0.01055,-0.76439,-0.10160,-0.55264,4.19496,0.37980,
1520519190986802944,-100.73249,35.57175,31.53759,0.63286,0.00103,-0.76734,-0.10333,-0.64656,4.25679,0.45204,
1520519191067003136,-100.77491,35.92697,31.58027,0.63537,0.00386,-0.76601,-0.09757,-0.62767,4.26175,0.48110,
1520519191187204352,-100.86692,36.46147,31.66373,0.64666,-0.00231,-0.75586,-0.10245,-0.60859,4.30866,0.48255,
1520519191267305472,-100.90865,36.82037,31.68343,0.65353,0.00015,-0.74972,-0.10405,-0.58208,4.32232,0.44477,
1520519191387506432,-101.04896,37.32610,31.78389,0.66658,0.00393,-0.73744,-0.10879,-0.59483,4.31330,0.48748,
1520519191467706624,-101.08756,37.69921,31.77801,0.67652,0.01359,-0.72764,-0.11260,-0.57171,4.31723,0.46212,
1520519191587907840,-101.10656,38.17632,31.82972,0.68341,0.01703,-0.72102,-0.11313,-0.52835,4.29811,0.46156,
1520519191668001280,-101.14030,38.51055,31.85647,0.68965,0.02413,-0.71443,-0.11576,-0.52146,4.30942,0.44741,
1520519191788202240,-101.12762,38.99226,31.88103,0.69569,0.02432,-0.70673,-0.12628,-0.47318,4.31884,0.42502,
1520519191868402432,-101.18505,39.34109,31.92217,0.69984,0.02420,-0.70080,-0.13611,-0.48936,4.34776,0.41817,
1520519191988603648,-101.20035,39.84355,31.93858,0.69919,0.01683,-0.70137,-0.13759,-0.45055,4.36275,0.38952,
1520519192068704512,-101.24749,40.19859,31.95816,0.69977,0.01252,-0.69975,-0.14323,-0.46070,4.38812,0.38708,
1520519192188905728,-101.32449,40.71473,31.99777,0.69258,-0.00362,-0.70584,-0.14871,-0.49266,4.40519,0.39458,
1520519192269105920,-101.32736,41.03809,32.01733,0.69060,-0.00979,-0.70668,-0.15352,-0.46901,4.39751,0.40072,
1520519192389307136,-101.29086,41.52547,32.06210,0.68807,-0.01601,-0.71000,-0.14899,-0.37562,4.35309,0.40306,
1520519192469408000,-101.32282,41.83854,32.11543,0.68968,-0.00936,-0.70936,-0.14513,-0.36361,4.32699,0.40895,
1520519192589708288,-101.33202,42.40622,32.14783,0.68873,-0.00849,-0.71142,-0.13948,-0.33742,4.39658,0.39930,
1520519192669801728,-101.36117,42.77427,32.17944,0.68821,-0.00609,-0.71230,-0.13764,-0.33029,4.41366,0.38849,
1520519192790002944,-101.39800,43.29978,32.22753,0.68777,-0.00596,-0.71246,-0.13904,-0.32537,4.41907,0.40828,
1520519192870203136,-101.42942,43.66136,32.26172,0.68792,-0.00585,-0.71231,-0.13909,-0.32085,4.41525,0.41055,
1520519192990404096,-101.45696,44.18140,32.31319,0.68853,-0.00416,-0.71165,-0.13954,-0.29627,4.42124,0.39701,
1520519193070505216,-101.46824,44.55638,32.34199,0.68884,-0.00235,-0.71149,-0.13885,-0.27888,4.44827,0.39312,
1520519193190706176,-101.49447,45.07066,32.38947,0.68999,0.00042,-0.71042,-0.13859,-0.26704,4.47046,0.39358,
1520519193270807296,-101.52878,45.44915,32.42479,0.68858,-0.00605,-0.71135,-0.14073,-0.29380,4.53108,0.42265,
1520519193391107584,-101.56738,45.99316,32.47304,0.68728,-0.02183,-0.71060,-0.14906,-0.28672,4.60553,0.41165,
1520519193471201024,-101.63029,46.39235,32.51971,0.67907,-0.05074,-0.71461,-0.16008,-0.31355,4.71641,0.41229,
1520519193591401984,-101.17657,46.79092,32.49480,0.65580,-0.11272,-0.72564,-0.17512,-0.03288,4.68949,0.33462,
1520519193671602176,-101.12436,47.11372,32.46155,0.64248,-0.13616,-0.73243,-0.17955,0.02887,4.64304,0.27981,
1520519193791803392,-101.13067,47.63738,32.48156,0.63584,-0.14809,-0.73638,-0.17755,0.06282,4.60033,0.28237,
1520519193871904256,-101.07408,47.95244,32.48392,0.63076,-0.15908,-0.73972,-0.17217,0.09394,4.57379,0.27030,
1520519193992105472,-101.27211,48.63217,32.54704,0.62916,-0.16470,-0.74155,-0.16470,-0.03486,4.63630,0.31024,
1520519194072305664,-101.07639,48.93186,32.52548,0.62726,-0.17500,-0.74061,-0.16560,0.05171,4.59441,0.31421,
1520519194192506880,-100.73946,49.24207,32.51427,0.62775,-0.18780,-0.73585,-0.17084,0.22739,4.45591,0.30611,
1520519194272607744,-100.54224,49.34255,32.48220,0.62468,-0.20222,-0.73377,-0.17456,0.31804,4.33559,0.28090,
1520519194392801280,-100.24048,49.41815,32.46554,0.61965,-0.22073,-0.73173,-0.17859,0.45139,4.10654,0.26504,
1520519194473001472,-100.17824,49.57593,32.47464,0.62213,-0.22217,-0.72848,-0.18141,0.46969,3.99421,0.27507,
1520519194593202688,-100.25358,50.19696,32.52703,0.62518,-0.22604,-0.72438,-0.18257,0.36834,4.10982,0.30212,
1520519194673303552,-116.66760,39.57456,36.81220,0.62756,-0.22338,-0.72884,-0.15832,0.26871,4.08912,0.27686,
1520519194793504768,-116.53085,39.97120,36.82249,0.62379,-0.23636,-0.72815,-0.15753,0.36902,4.02282,0.24431,
1520519194873704960,-116.40546,40.18798,36.84188,0.62417,-0.23876,-0.72675,-0.15889,0.45299,3.94881,0.25489,
1520519194993905920,-116.28212,40.56638,36.85584,0.62261,-0.24268,-0.72606,-0.16219,0.50567,3.89113,0.23974,
1520519195074007040,-116.30920,40.92671,36.88440,0.62222,-0.24115,-0.72702,-0.16165,0.45569,3.92246,0.25754,
1520519195194208256,-116.24719,41.36692,36.91237,0.62243,-0.23943,-0.72748,-0.16135,0.46157,3.89698,0.26759,
1520519195274408448,-116.26624,41.72908,36.94060,0.62349,-0.23600,-0.72839,-0.15818,0.44239,3.90869,0.26948,
1520519195394601728,-116.26150,42.22451,36.98654,0.62750,-0.23002,-0.72763,-0.15458,0.43055,3.93438,0.28394,
1520519195474702848,-116.23862,42.57151,37.01256,0.63001,-0.22517,-0.72708,-0.15410,0.42053,3.94800,0.28625,
1520519195594904064,-116.14580,43.02859,37.04359,0.63672,-0.21454,-0.72511,-0.15092,0.44562,3.92336,0.28789,
1520519195675104256,-115.79215,43.09297,37.00552,0.64229,-0.20879,-0.72206,-0.14999,0.64906,3.76266,0.26502,
1520519195795305216,-115.83813,43.26955,37.07076,0.65002,-0.19338,-0.71922,-0.15097,0.59240,3.60717,0.31813,
1520519195875406336,-115.83820,43.62981,37.08724,0.65031,-0.19520,-0.71755,-0.15531,0.55739,3.68645,0.31780,
1520519195995607296,-115.63433,44.02660,37.06556,0.64847,-0.19592,-0.71885,-0.15606,0.66507,3.67625,0.22425,
1520519196075807488,-115.75535,44.35703,37.16423,0.64936,-0.18521,-0.72032,-0.15867,0.56541,3.70458,0.25228,
1520519196196001024,-115.63336,44.84963,37.18070,0.64873,-0.18130,-0.72239,-0.15630,0.59543,3.74984,0.26672,
1520519196276102144,-115.59898,45.18543,37.20160,0.64760,-0.17817,-0.72409,-0.15671,0.57792,3.77421,0.26995,
1520519196396303104,-115.54232,45.63218,37.23492,0.64483,-0.17838,-0.72646,-0.15691,0.56310,3.76054,0.30019,
1520519196476503296,-115.51798,45.97050,37.26490,0.64329,-0.17996,-0.72757,-0.15629,0.55780,3.76524,0.31187,
1520519196596704512,-115.49913,46.47084,37.33236,0.64503,-0.17745,-0.72713,-0.15403,0.54991,3.76660,0.32961,
1520519196676805376,-115.41894,46.78311,37.33715,0.65015,-0.16775,-0.72533,-0.15187,0.58919,3.76504,0.30492,
1520519196797006592,-115.34298,47.19345,37.36934,0.65006,-0.16412,-0.72576,-0.15411,0.59135,3.78111,0.31281,
1520519196877206784,-114.72792,47.16646,37.17854,0.65406,-0.15940,-0.72376,-0.15155,0.86976,3.64355,0.21663,
1520519196997408000,-115.19933,47.85337,37.42646,0.65300,-0.16042,-0.72373,-0.15514,0.62255,3.73424,0.28492,
1520519197077501184,-115.16486,48.26875,37.45580,0.65635,-0.15348,-0.72269,-0.15286,0.62309,3.76770,0.27851,
1520519197197702400,-115.07890,48.71220,37.49347,0.66363,-0.14118,-0.71976,-0.14702,0.61067,3.77182,0.32069,
1520519197277902592,-115.07261,49.11248,37.50819,0.66648,-0.12490,-0.72291,-0.13269,0.58211,3.77104,0.31911,
1520519197398103808,-114.96366,49.59604,37.56518,0.67917,-0.07002,-0.72491,-0.09124,0.54274,3.73518,0.34663,
1520519197478204672,-114.97504,49.97218,37.58832,0.67286,-0.04908,-0.73370,-0.08082,0.46223,3.75857,0.34606,
1520519197598504960,-114.91498,50.49860,37.60364,0.65308,-0.01201,-0.75384,-0.07115,0.44566,3.76207,0.28540,
1520519197678606080,-114.84623,50.87113,37.64142,0.63951,0.02917,-0.76617,-0.05617,0.50334,3.75052,0.27304,
1520519197798807040,-114.85914,49.78653,37.80458,0.61824,0.07466,-0.77957,-0.06687,0.50170,2.86335,0.32073,
1520519197878908160,-114.70158,51.08871,37.71675,0.60974,0.13405,-0.77893,-0.05920,0.60121,3.66211,0.24542,
1520519197999200768,-114.66799,51.61291,37.75446,0.59528,0.13286,-0.78559,-0.10412,0.50243,3.81159,0.29553,
1520519198079301888,-114.62707,51.89618,37.77677,0.59364,0.13446,-0.78383,-0.12295,0.50665,3.81748,0.28501,
1520519198199502848,-114.56684,52.40325,37.81730,0.58743,0.13894,-0.78311,-0.14951,0.50922,3.91405,0.25240,
1520519198279703040,-114.53590,52.70641,37.83214,0.57660,0.14089,-0.78856,-0.16082,0.53638,3.95523,0.20534,
1520519198399904256,-114.65619,53.30799,37.90372,0.55454,0.12134,-0.80691,-0.16330,0.44343,4.10433,0.27548,
1520519198480005376,-114.49112,53.55746,37.88002,0.54795,0.11183,-0.81236,-0.16527,0.61665,4.01241,0.27371,
1520519198600206336,-114.17090,53.92340,37.90324,0.54272,0.10252,-0.81546,-0.17310,0.87066,3.91870,0.31943,
1520519198680406528,-114.27072,54.30319,37.93394,0.54158,0.10408,-0.81622,-0.17220,0.74088,3.98610,0.34742,
1520519198800607744,-113.55914,54.38307,37.91374,0.54028,0.08581,-0.81725,-0.18119,1.28576,3.65875,0.34417,
1520519198880701184,-114.11693,55.07559,38.01166,0.54919,0.09607,-0.81381,-0.16393,0.86788,3.96778,0.46154,
1520519199000902144,-114.01095,55.59553,38.07532,0.58184,0.09756,-0.79608,-0.13490,1.07221,4.04281,0.52608,
1520519199081102336,-113.78676,55.96487,38.09368,0.61447,0.09849,-0.77490,-0.11076,1.28553,4.15653,0.49115,
1520519199201303552,-113.79223,56.43917,38.17726,0.65701,0.08847,-0.74490,-0.07502,1.26782,4.20487,0.43304,
1520519199281404416,-113.73122,57.03152,38.20026,0.68300,0.08342,-0.72399,-0.04881,1.28759,4.40116,0.37337,
1520519199401605632,-113.56370,57.62694,38.24598,0.70998,0.07785,-0.69913,-0.03308,1.28121,4.45636,0.34592,
1520519199481805824,-113.52129,58.01234,38.29110,0.72482,0.07113,-0.68473,-0.02685,1.20283,4.44575,0.33999,
1520519199602007040,-113.37500,58.52161,38.33012,0.74188,0.08409,-0.66499,-0.01851,1.17120,4.36223,0.29368,
1520519199682107904,-113.20556,58.74621,38.36425,0.76031,0.11553,-0.63903,-0.01480,1.24045,4.23632,0.27902,
1520519199802301440,-113.08002,59.30424,38.39153,0.76580,0.13084,-0.62946,-0.01426,1.16119,4.29887,0.25240,
1520519199882501632,-113.04009,59.71661,38.40087,0.76876,0.13307,-0.62530,-0.01716,1.04948,4.39550,0.26586,
1520519200002702592,-112.90489,60.31969,38.40210,0.76707,0.12544,-0.62882,-0.02118,1.00378,4.46237,0.28625,
1520519200082803712,-112.81890,60.67933,38.42714,0.76641,0.12682,-0.62934,-0.02164,1.01691,4.45350,0.29948,
1520519200203004928,-112.70893,61.25154,38.45149,0.76611,0.12989,-0.62912,-0.02022,1.01811,4.49286,0.28471,
1520519200283205120,-112.64609,61.63422,38.46999,0.76622,0.12739,-0.62948,-0.02077,1.00073,4.53257,0.30356,
1520519200403406080,-112.52988,62.18272,38.50497,0.76490,0.12280,-0.63199,-0.02086,0.99447,4.56434,0.31046,
1520519200483507200,-112.45268,62.57174,38.52429,0.76389,0.11449,-0.63471,-0.02245,0.98802,4.60404,0.31605,
1520519200603708160,-112.31333,63.09315,38.56772,0.76303,0.07577,-0.64092,-0.03560,0.97463,4.66991,0.34917,
1520519200683900928,-112.33785,63.51239,38.49419,0.75381,0.01410,-0.65454,-0.05617,0.89191,4.76874,0.26625,
1520519200804101888,-112.39449,64.15249,38.51038,0.73556,-0.07652,-0.66786,-0.08405,0.81353,4.83238,0.20072,
1520519200884203008,-112.34886,64.56443,38.51529,0.72434,-0.11694,-0.67232,-0.09820,0.83147,4.82090,0.19631,
1520519201004403968,-112.29358,65.15740,38.53939,0.71295,-0.14863,-0.67652,-0.10923,0.84672,4.77769,0.19759,
1520519201084604160,-112.19505,65.45697,38.53114,0.71360,-0.14966,-0.67515,-0.11198,0.88906,4.71250,0.18432,
1520519201204805376,-112.01997,66.00661,38.56614,0.71055,-0.15862,-0.67548,-0.11698,0.95721,4.73209,0.18901,
1520519201284906496,-111.80658,66.45986,38.65552,0.71072,-0.16115,-0.67458,-0.11771,1.06027,4.78711,0.23377,
1520519201405107456,-111.69437,67.03264,38.66974,0.70815,-0.16743,-0.67567,-0.11818,1.06088,4.77793,0.22678,
1520519201485307648,-111.63239,67.41132,38.69818,0.71053,-0.16303,-0.67416,-0.11863,1.05767,4.77195,0.23109,
1520519201605501184,-111.52079,67.96699,38.72701,0.70938,-0.16389,-0.67495,-0.11985,1.04778,4.78624,0.23606,
1520519201685602304,-111.45021,68.36923,38.74808,0.70902,-0.16282,-0.67552,-0.12021,1.04848,4.79462,0.24306,
1520519201805902592,-111.30898,68.91758,38.77033,0.70851,-0.16042,-0.67667,-0.11995,1.07285,4.80694,0.23734,
1520519201886003456,-111.23678,69.31323,38.79039,0.70835,-0.16056,-0.67652,-0.12161,1.08066,4.82758,0.23767,
1520519202006204672,-111.10944,69.87224,38.81760,0.70761,-0.16315,-0.67675,-0.12112,1.09666,4.81671,0.23021,
1520519202086305536,-111.03182,70.28259,38.83576,0.70795,-0.16342,-0.67640,-0.12078,1.09403,4.82201,0.23607,
1520519202206605824,-110.88995,70.83762,38.85880,0.70718,-0.16485,-0.67696,-0.12019,1.10330,4.81160,0.24176,
1520519202286706944,-110.80934,71.25426,38.88082,0.70718,-0.16409,-0.67727,-0.11950,1.09965,4.83524,0.24958,
1520519202406908160,-110.69008,71.79435,38.91122,0.70635,-0.16351,-0.67796,-0.12122,1.09354,4.84179,0.25954,
1520519202487108352,-110.62972,72.22188,38.93301,0.70465,-0.16528,-0.67870,-0.12457,1.07367,4.87499,0.26359,
1520519202607301632,-110.46549,72.75771,38.96433,0.70170,-0.16311,-0.68150,-0.12874,1.09362,4.85373,0.27303,
1520519202687402752,-110.85749,73.25292,38.99070,0.69922,-0.16321,-0.68387,-0.12953,0.92559,4.89675,0.27655,
1520519202807603712,-110.26793,73.80867,38.97336,0.69397,-0.17402,-0.68578,-0.13351,1.14492,4.89913,0.23398,
1520519202887803904,-110.46851,74.11675,39.00696,0.69214,-0.17525,-0.68726,-0.13379,1.05086,4.93913,0.24110,
1520519203008005120,-110.29603,74.98181,38.91858,0.69113,-0.17823,-0.68786,-0.13204,1.12407,4.96080,0.16275,
1520519203088106240,-110.24008,75.37999,39.01857,0.69207,-0.17351,-0.68871,-0.12887,1.11828,4.95583,0.19367,
1520519203208307200,-110.05150,75.91255,39.05001,0.69462,-0.17341,-0.68647,-0.12725,1.15691,4.95293,0.19911,
1520519203288507392,-110.06679,76.35813,39.07062,0.69527,-0.17202,-0.68631,-0.12646,1.11664,4.97266,0.20411,
1520519203408700928,-109.82326,76.90753,39.09254,0.70280,-0.15708,-0.68236,-0.12562,1.16015,4.92333,0.22506,
1520519203488802048,-109.88744,77.28464,38.93549,0.70964,-0.15082,-0.67638,-0.12715,1.13856,4.90291,0.16556,
1520519203609003008,-109.81563,77.98002,39.11071,0.71407,-0.15506,-0.67069,-0.12741,1.11635,4.96809,0.20287,
1520519203689203200,-109.76640,78.44687,39.09789,0.71615,-0.15871,-0.66787,-0.12604,1.11656,4.99529,0.18317,
1520519203809404416,-109.66265,79.09353,39.11701,0.72588,-0.14889,-0.66066,-0.12025,1.14645,5.01333,0.16125,
1520519203889505280,-109.58449,79.50571,39.13044,0.73158,-0.14130,-0.65744,-0.11225,1.18323,4.98172,0.11186,
1520519204009706496,-109.30913,80.23430,39.23730,0.75404,-0.12056,-0.63819,-0.09800,1.22658,5.05389,0.12503,
1520519204089906688,-109.17515,80.73783,39.15846,0.76700,-0.11029,-0.62591,-0.08823,1.24491,5.09522,0.09020,
1520519204210107904,-109.19733,81.27587,39.12765,0.77931,-0.09779,-0.61292,-0.08630,1.17957,5.09653,0.06145,
1520519204290201088,-109.12993,81.66307,39.12640,0.79448,-0.07863,-0.59569,-0.08819,1.16099,5.11456,0.06111,
1520519204410402304,-109.06688,82.24343,39.12622,0.79317,-0.09930,-0.59477,-0.08528,1.11023,5.12420,0.14950,
1520519204490602496,-108.92553,82.65826,39.14603,0.79254,-0.10208,-0.59537,-0.08358,1.17150,5.12039,0.16225,
1520519204610803712,-108.70365,83.29462,39.17754,0.79113,-0.09780,-0.59784,-0.08445,1.24385,5.13120,0.17431,
1520519204690904576,-108.63993,83.73314,39.18570,0.79376,-0.09215,-0.59424,-0.09125,1.21389,5.18785,0.19847,
1520519204811105792,-108.49837,84.35267,39.21122,0.77704,-0.11783,-0.61157,-0.09113,1.18927,5.26859,0.24426,
1520519204891305984,-108.38842,84.80545,39.23625,0.76236,-0.13338,-0.62720,-0.08739,1.19980,5.29781,0.23641,
1520519205011506944,-108.21519,85.46358,39.25860,0.79779,-0.08340,-0.58700,-0.10960,1.25368,5.28697,0.20762,
1520519205091608064,-108.16237,85.91291,39.27685,0.75121,-0.14149,-0.63644,-0.10295,1.21002,5.31519,0.19980,
1520519205211801600,-108.01223,86.54733,39.29997,0.77923,-0.12032,-0.60724,-0.09787,1.28940,5.25121,0.18914,
1520519205292001792,-107.92855,86.97865,39.31193,0.81169,-0.08836,-0.56736,-0.10704,1.28012,5.27080,0.19542,
1520519205412202752,-107.78206,87.60953,39.33241,0.78650,-0.09548,-0.59651,-0.12832,1.24807,5.30417,0.19589,
1520519205492303872,-107.76341,88.06347,39.34747,0.76617,-0.07571,-0.62588,-0.12463,1.14762,5.36652,0.22453,
1520519205612504832,-107.75129,88.78336,39.35029,0.73465,-0.04371,-0.67430,-0.06089,1.08798,5.50979,0.13308,
1520519205692705280,-107.51825,89.17226,39.37585,0.75019,-0.04765,-0.65950,-0.00001,1.29699,5.45916,0.12770,
1520519205812906240,-107.34595,89.82471,39.39489,0.77159,-0.06119,-0.63146,-0.04656,1.35174,5.41813,0.18250,
1520519205893007360,-107.19559,90.15950,39.39831,0.78131,-0.06993,-0.61596,-0.07246,1.39883,5.32935,0.15675,
1520519206013307648,-106.97727,90.78025,39.41903,0.78209,-0.06634,-0.61518,-0.07406,1.42271,5.31622,0.13565,
1520519206093400832,-106.53566,91.06846,39.46075,0.78142,-0.05141,-0.61792,-0.07009,1.75961,5.18101,0.17071,
1520519206213602048,-106.58471,91.78856,39.45548,0.78251,-0.05189,-0.61614,-0.07318,1.50596,5.31035,0.15820,
1520519206293703168,-106.60941,92.25669,39.44741,0.77964,-0.04779,-0.62037,-0.07086,1.36926,5.36054,0.12456,
1520519206414003456,-106.41700,92.90707,39.47085,0.77826,-0.04244,-0.62307,-0.06558,1.43258,5.40067,0.14228,
1520519206494104320,-106.27717,93.35572,39.48447,0.78083,-0.04598,-0.61924,-0.06877,1.46683,5.42268,0.14229,
1520519206614305536,-106.05430,93.96787,39.50083,0.78212,-0.04522,-0.61751,-0.07018,1.49900,5.39782,0.15157,
1520519206694406400,-105.93061,94.41033,39.51345,0.78272,-0.04465,-0.61689,-0.06935,1.51003,5.42731,0.14009,
1520519206814706688,-105.74269,95.04234,39.52711,0.78140,-0.03930,-0.61939,-0.06500,1.54428,5.43919,0.13177,
1520519206894807808,-105.60035,95.49431,39.54174,0.78278,-0.04026,-0.61783,-0.06267,1.57682,5.45829,0.12187,
1520519207015001344,-105.43931,96.14144,39.55173,0.78347,-0.04262,-0.61640,-0.06647,1.55983,5.45449,0.12614,
1520519207095201536,-105.37092,96.60838,39.55059,0.78209,-0.04266,-0.61827,-0.06520,1.52876,5.49146,0.12399,
1520519207215402496,-105.07632,97.21992,39.57600,0.78148,-0.04489,-0.61875,-0.06651,1.61824,5.49662,0.12668,
1520519207295503616,-104.89578,97.68683,39.60295,0.78375,-0.04830,-0.61544,-0.06811,1.66672,5.52294,0.12684,
1520519207415704832,-104.76308,98.33816,39.60049,0.78488,-0.05378,-0.61345,-0.06892,1.64216,5.54051,0.11135,
1520519207495905024,-47.89012,7.82785,15.04323,0.76420,0.15653,-0.59482,0.19415,-2.06472,5.37450,0.13051,
1520519207616105984,-47.94844,8.48271,15.05411,0.76212,0.15737,-0.59645,0.19660,-1.96522,5.40464,0.10990,
1520519207696207104,-48.22973,8.88363,15.06375,0.76172,0.15794,-0.59698,0.19608,-2.01510,5.39912,0.10946,
1520519207816408064,-48.10463,9.61319,15.07949,0.76210,0.15995,-0.59566,0.19700,-1.83415,5.47246,0.11603,
1520519207896600832,-48.35875,10.01703,15.09601,0.76357,0.15592,-0.59517,0.19601,-1.87433,5.48048,0.11479,
1520519208016801792,-48.76440,10.67485,15.07975,0.76255,0.15915,-0.59629,0.19399,-1.96133,5.50277,0.09453,
1520519208096902912,-49.17504,11.05688,15.09574,0.76130,0.15798,-0.59741,0.19639,-2.05914,5.50209,0.09142,
1520519208217103872,-49.11680,11.62169,15.10590,0.76429,0.15652,-0.59462,0.19440,-1.91860,5.48454,0.10922,
1520519208297304064,-49.58969,12.02555,15.10238,0.76382,0.15725,-0.59546,0.19310,-2.05449,5.47949,0.10584,
1520519208417505280,-49.79284,12.74348,15.10819,0.76213,0.16139,-0.59628,0.19381,-2.03980,5.51229,0.11006,
1520519208497606400,-50.23895,13.14264,15.16295,0.76150,0.16181,-0.59714,0.19329,-2.14868,5.51562,0.11562,
1520519208617807360,-50.22325,13.98000,15.17101,0.76285,0.16108,-0.59684,0.18949,-2.04433,5.61100,0.10264,
1520519208698007552,-50.73330,14.33164,15.19406,0.76501,0.15662,-0.59574,0.18795,-2.15962,5.59697,0.11526,
1520519208818201088,-50.87135,15.06032,15.18864,0.76745,0.15501,-0.59511,0.18119,-2.12926,5.63080,0.10631,
1520519208898301952,-51.41925,15.40268,15.20626,0.76685,0.15818,-0.59537,0.18014,-2.24775,5.62413,0.10473,
1520519209018503168,-51.41711,16.17957,15.21239,0.76988,0.15338,-0.59442,0.17443,-2.16505,5.69254,0.09084,
1520519209098703360,-51.96544,16.50086,15.23792,0.76983,0.15454,-0.59456,0.17310,-2.27940,5.67145,0.11103,
1520519209218904576,-51.90860,17.31461,15.23845,0.77355,0.14800,-0.59382,0.16462,-2.19655,5.74457,0.10445,
1520519209299005440,-52.42271,17.68009,15.29115,0.77798,0.13041,-0.59421,0.15705,-2.30962,5.78988,0.12344,
1520519209419206656,-53.01543,18.28319,15.33083,0.78029,0.09839,-0.59790,0.15484,-2.44027,5.86127,0.12017,
1520519209499406848,-53.55298,18.68351,15.52429,0.77449,0.08500,-0.60263,0.17254,-2.57961,5.86322,0.15146,
1520519209619607808,-53.66288,19.62733,15.63391,0.76167,0.07768,-0.60556,0.21706,-2.49128,5.91022,0.17014,
1520519209699701248,-53.24577,20.87870,15.55091,0.75864,0.07798,-0.60539,0.22778,-2.28118,6.12096,0.15096,
1520519209819902464,-53.50384,21.87944,15.54964,0.75948,0.06994,-0.60473,0.22935,-2.27244,6.19661,0.14170,
1520519209900102656,-53.46127,22.58569,15.56270,0.75753,0.07146,-0.60558,0.23303,-2.21311,6.26133,0.14659,
1520519210020303616,-53.77778,23.36396,15.57897,0.75611,0.07393,-0.60591,0.23600,-2.21972,6.30033,0.14124,
1520519210100404736,-53.92376,23.85502,15.59217,0.75625,0.07378,-0.60602,0.23531,-2.20605,6.31673,0.13731,
1520519210220605952,-54.09433,24.64263,15.60463,0.75571,0.07567,-0.60635,0.23560,-2.18291,6.34719,0.13646,
1520519210300806144,-54.46965,25.03699,15.63550,0.75522,0.07607,-0.60653,0.23662,-2.23391,6.33241,0.13637,
1520519210421007104,-54.72046,25.77758,15.64352,0.75480,0.08056,-0.60710,0.23499,-2.22322,6.31729,0.12580,
1520519210501100544,-54.60747,26.29237,15.65209,0.75404,0.09088,-0.60695,0.23406,-2.13752,6.30772,0.13582,
1520519210621400832,-54.70806,27.17606,15.67602,0.75351,0.10712,-0.60550,0.23264,-2.07996,6.35960,0.13368,
1520519210701501952,-56.28302,26.96938,15.63830,0.75584,0.11879,-0.59828,0.23803,-2.49821,6.19762,0.09728,
1520519210821702912,-55.37211,13.20565,16.39047,0.80331,-0.12483,-0.57493,-0.09255,2.82428,6.15068,0.08372,
1520519210901804032,-54.85710,13.62470,16.42555,0.81680,-0.14644,-0.54740,-0.10836,3.02021,6.14720,0.09849,
1520519211022104320,-54.49155,14.38859,16.43031,0.82418,-0.16169,-0.52888,-0.12196,3.02371,6.23228,0.12968,
1520519211102205184,-53.53891,14.56602,16.46449,0.82387,-0.15319,-0.53295,-0.11720,3.45457,6.05051,0.15726,
1520519211222406400,-53.52421,15.50940,16.45331,0.82024,-0.14325,-0.54420,-0.10262,3.22898,6.20371,0.14006,
1520519211302507520,-53.38734,16.08591,16.46804,0.82018,-0.14937,-0.54219,-0.10494,3.17356,6.26505,0.13220,
1520519211422807808,-52.40529,16.39968,16.49532,0.82727,-0.14962,-0.53169,-0.10271,3.77143,5.89515,0.12258,
1520519211502900992,-52.21599,16.94694,16.50458,0.83409,-0.15709,-0.51964,-0.09791,3.70304,5.98892,0.09933,
1520519211623102208,-51.50317,17.33069,16.52036,0.85062,-0.17001,-0.49034,-0.08433,4.00791,5.70566,0.09339,
1520519211703302400,-50.91888,17.26221,16.53984,0.86388,-0.17873,-0.46429,-0.07870,4.27120,5.18101,0.12691,
1520519211823503616,-50.49798,17.59835,16.56739,0.86254,-0.19533,-0.45163,-0.11788,4.17106,4.91125,0.19408,
1520519211903604480,-50.16991,17.97782,16.58472,0.86004,-0.18403,-0.46052,-0.11994,4.17776,4.93394,0.18762,
1520519212023805696,-49.67280,18.06681,16.62266,0.85697,-0.16115,-0.47871,-0.10237,4.20389,4.47657,0.19420,
1520519212104005888,-49.47219,19.12179,16.61876,0.85392,-0.16468,-0.48084,-0.11177,4.09362,5.14667,0.15731,
1520519212224206848,-48.76184,19.47607,16.66630,0.85488,-0.17066,-0.47777,-0.10861,4.32896,4.93743,0.16542,
1520519212304307968,-48.39318,19.69452,16.68463,0.85650,-0.16980,-0.47621,-0.10387,4.37539,4.78883,0.16656,
1520519212424501504,-47.91416,19.80247,16.72039,0.85787,-0.16717,-0.47471,-0.10375,4.37645,4.42655,0.18059,
1520519212504701696,-47.59746,20.41286,16.72794,0.85775,-0.17171,-0.47272,-0.10636,4.36096,4.61683,0.18019,
1520519212624902656,-47.08459,21.43217,16.73139,0.85650,-0.17216,-0.47443,-0.10806,4.37393,4.95692,0.17648,
1520519212705003776,-46.40997,21.88192,16.74898,0.85585,-0.16920,-0.47671,-0.10788,4.62595,5.00634,0.18538,
1520519212825204736,-45.89900,22.46663,16.76896,0.85449,-0.16552,-0.48068,-0.10678,4.62238,5.00031,0.16519,
1520519212905404928,-45.43691,22.75343,16.78333,0.85440,-0.16258,-0.48164,-0.10766,4.71253,4.93939,0.15713,
1520519212905404928,-53.68400,5.88592,33.49447,-0.21427,0.50767,0.02605,0.83407,-0.05659,-6.82659,0.15713,
1520519213025606144,-53.99533,5.16642,33.53071,-0.21488,0.50564,0.01740,0.83537,-0.27278,-6.80108,0.16360,
1520519213105707264,-53.80020,4.54051,33.52960,-0.21054,0.50715,0.01296,0.83565,-0.13633,-6.85072,0.17352,
1520519213225900544,-53.78454,3.63587,33.54416,-0.20857,0.51439,0.02555,0.83142,-0.12372,-6.91152,0.18367,
1520519213306100736,-53.66383,2.99852,33.55078,-0.20545,0.51777,0.03738,0.82964,-0.06345,-6.98974,0.16156,
1520519213426301952,-53.68830,2.13926,33.57066,-0.20321,0.51778,0.03227,0.83040,-0.09442,-7.05275,0.14611,
1520519213506403072,-53.65220,1.55839,33.57925,-0.19885,0.51737,0.03098,0.83176,-0.07184,-7.09650,0.13975,
1520519213626604032,-53.62970,0.72210,33.58678,-0.20473,0.51828,0.03498,0.82961,-0.06843,-7.12564,0.14053,
1520519213706804224,-53.61190,0.08557,33.60510,-0.20378,0.51840,0.03568,0.82974,-0.07179,-7.17432,0.13978,
1520519213827005440,-53.66578,-0.71814,33.61662,-0.19987,0.52018,0.03503,0.82960,-0.11142,-7.17166,0.14263,
1520519213907106304,-53.54269,-1.39067,33.62737,-0.19881,0.52095,0.03696,0.82929,-0.05260,-7.25711,0.14027,
1520519214027307520,-53.64286,-2.22634,33.63612,-0.20184,0.52213,0.03571,0.82787,-0.09843,-7.27856,0.12479,
1520519214107507712,-53.46751,-2.90829,33.65063,-0.20034,0.52415,0.03908,0.82680,-0.03056,-7.33958,0.12653,
1520519214227701248,-53.57351,-3.74911,33.65981,-0.20503,0.52413,0.03943,0.82565,-0.09062,-7.38210,0.11192,
1520519214307802112,-54.21155,-4.40202,33.70070,-0.20377,0.51903,0.03545,0.82936,-0.38956,-7.43503,0.11868,
1520519214428003328,-53.94439,-5.32602,33.66560,-0.20441,0.52066,0.03558,0.82817,-0.27159,-7.47569,0.11309,
1520519214508203520,-53.67960,-6.07439,33.69312,-0.20464,0.52425,0.03820,0.82573,-0.16692,-7.54124,0.11879,
1520519214628404736,-53.53931,-6.94228,33.69363,-0.19499,0.53260,0.04009,0.82262,-0.09040,-7.55458,0.11710,
1520519214708505600,-53.32029,-7.66604,33.71108,-0.19848,0.54312,0.03542,0.81509,-0.00695,-7.61693,0.14889,
1520519214828706816,-53.18325,-8.68060,33.73552,-0.18626,0.54614,0.04488,0.81549,0.03203,-7.63905,0.12881,
1520519214908907008,-52.99508,-9.34782,33.74877,-0.17171,0.55119,0.05411,0.81473,0.09558,-7.68566,0.10380,
1520519215029100544,-53.04627,-10.65325,33.72858,-0.13921,0.54645,0.02340,0.82551,0.04475,-7.93560,0.09695,
1520519215109201408,-53.18436,-11.74422,33.76007,-0.16033,0.55360,0.04327,0.81605,0.01498,-8.15829,0.08127,
1520519215229501696,-53.40332,-12.62469,33.78354,-0.17013,0.55652,0.05537,0.81134,-0.05386,-8.15877,0.07129,
1520519215309602816,-52.66544,-13.46426,33.79378,-0.17298,0.55738,0.05148,0.81041,0.22848,-8.27489,0.07092,
1520519215429803776,-53.63455,-14.35233,33.80469,-0.21589,0.55983,0.07494,0.79647,-0.21940,-8.21470,0.08365,
1520519215509904896,-53.65697,-14.97214,33.81750,-0.22225,0.56384,0.08486,0.79088,-0.22936,-8.21207,0.08417,
1520519215630205184,-54.08286,-15.81066,33.82771,-0.23288,0.54248,0.11789,0.79849,-0.43381,-8.20988,0.07368,
1520519215710306048,-54.13488,-16.48255,33.82046,-0.21944,0.55321,0.11006,0.79604,-0.38241,-8.28822,0.03183,
1520519215830507264,-54.23056,-17.43990,33.83069,-0.23381,0.55684,0.11405,0.78883,-0.46236,-8.30643,0.11497,
1520519215910707456,-54.09795,-18.23307,33.83337,-0.24193,0.54453,0.12286,0.79364,-0.37288,-8.42604,0.03554,
1520519216030900992,-54.32321,-19.16020,33.85363,-0.24221,0.52713,0.13584,0.80313,-0.56519,-8.33903,0.02061,
1520519216111001856,-54.33397,-19.85028,33.85778,-0.23542,0.52433,0.13605,0.80694,-0.54140,-8.40555,0.09049,
1520519216271303168,-54.38167,-20.95469,33.86974,-0.23132,0.52308,0.13690,0.80879,-0.51198,-8.58694,0.06845,
1520519216311403264,-54.42477,-21.67483,33.87254,-0.23026,0.52530,0.13545,0.80790,-0.51742,-8.63899,0.07938,
1520519216431604480,-54.48127,-22.71036,33.88256,-0.22402,0.52268,0.13000,0.81223,-0.54857,-8.67077,0.08433,
1520519216511705344,-54.48639,-23.46158,33.88824,-0.21328,0.52626,0.11791,0.81465,-0.52274,-8.72715,0.10331,
1520519216631906560,-54.50143,-24.58052,33.89369,-0.19088,0.54348,0.07762,0.81374,-0.46260,-8.82172,0.10111,
1520519216712106752,-54.63465,-25.32297,33.90280,-0.16445,0.55667,0.05185,0.81264,-0.57345,-8.88151,0.13588,
1520519216832307712,-54.70010,-26.49847,33.90712,-0.06259,0.45445,0.10463,0.88239,-0.49475,-9.06287,0.01402,
1520519216912401152,-54.72594,-27.27351,33.91372,-0.10306,0.51725,0.06865,0.84683,-0.52359,-9.19970,0.11655,
1520519217032602368,-54.82132,-28.39058,33.92037,-0.12872,0.52485,0.09183,0.83638,-0.58783,-9.18967,-0.02231,
1520519217112802560,-54.85543,-29.20285,33.92062,-0.12241,0.52107,0.06153,0.84245,-0.53243,-9.27448,0.03317,
1520519217233003520,-54.94575,-30.34543,33.92282,-0.11640,0.49696,0.07835,0.85635,-0.62404,-9.29141,0.02836,
1520519217313104640,-55.02863,-31.05315,33.92627,-0.06225,0.49691,0.07881,0.86197,-0.66999,-9.25660,0.03037,
1520519217433305856,-55.03236,-32.22107,33.92756,-0.07546,0.52267,0.10622,0.84252,-0.52841,-9.40307,0.04159,
1520519217513506048,-55.17921,-32.79185,33.94033,-0.11065,0.54216,0.13813,0.82143,-0.62783,-9.24315,0.04732,
1520519217633707008,-55.19326,-34.05802,33.93789,-0.10396,0.54592,0.14367,0.81886,-0.58412,-9.46493,0.01156,
1520519217713800448,-55.40672,-34.59335,33.94810,-0.09957,0.54025,0.13214,0.82508,-0.77086,-9.28730,0.02683,
1520519217834001664,-55.59572,-35.53671,33.96052,-0.09956,0.54005,0.13033,0.82550,-0.88229,-9.14449,0.02427,
1520519217914201856,-55.83535,-35.92421,33.97945,-0.10169,0.53674,0.12142,0.82875,-1.08054,-8.80139,0.03880,
1520519218034402816,-55.75425,-37.33859,33.96543,-0.08633,0.53373,0.11644,0.83314,-0.86841,-9.18178,0.05064,
1520519218114503936,-55.87181,-38.12203,33.97476,-0.09460,0.53841,0.12354,0.82819,-0.89843,-9.29361,0.04406,
1520519218234704896,-55.96050,-39.30372,33.96852,-0.10004,0.53944,0.12369,0.82686,-0.91641,-9.37449,0.01195,
1520519218314905088,-56.20889,-39.85810,33.97542,-0.09967,0.53807,0.12287,0.82792,-1.07943,-9.23613,0.00147,
1520519218435106304,-56.23399,-41.04228,33.96951,-0.09517,0.53949,0.11789,0.82825,-0.98619,-9.33155,-0.00469,
1520519218515207168,-56.23119,-41.96694,33.96561,-0.09745,0.53437,0.11600,0.83156,-0.95231,-9.50531,0.03900,
1520519218635400704,-56.25639,-43.24201,33.96541,-0.10163,0.51844,0.11089,0.84178,-0.89231,-9.66078,-0.00993,
1520519218715600896,-56.26113,-44.12353,33.96256,-0.11786,0.51707,0.11618,0.83979,-0.86439,-9.72290,-0.05503,
1520519218835802112,-56.54564,-45.23174,33.97213,-0.11813,0.52230,0.16325,0.82861,-1.02990,-9.76279,-0.00527,
1520519218915902976,-56.59466,-46.08017,33.96300,-0.12886,0.52072,0.16191,0.82827,-1.01275,-9.89453,-0.03893,
1520519219036203264,-56.92161,-47.43341,33.94572,-0.12862,0.50879,0.14195,0.83931,-1.20436,-10.04057,-0.05183,
1520519219116304384,-57.24619,-48.16087,33.94802,-0.12521,0.50915,0.14198,0.83960,-1.37100,-9.99572,-0.03357,
1520519219236505600,-57.55844,-49.32283,33.94245,-0.14012,0.50753,0.12947,0.84025,-1.50648,-10.05206,-0.06952,
1520519219316606464,-57.73426,-49.97351,33.95717,-0.12899,0.49483,0.10183,0.85331,-1.55678,-9.96853,-0.04941,
1520519219436906752,-57.92254,-51.16252,33.95329,-0.12983,0.49185,0.10229,0.85485,-1.55818,-9.97780,-0.02297,
1520519219517007872,-58.25526,-51.51527,33.96792,-0.13431,0.49334,0.11039,0.85229,-1.71445,-9.68844,-0.01434,
1520519219637201408,-58.28420,-52.99450,33.95367,-0.12473,0.49662,0.10841,0.85209,-1.57125,-10.04394,-0.03006,
1520519219717302272,-58.36098,-53.92036,33.94013,-0.13063,0.50052,0.10697,0.84910,-1.53449,-10.24018,-0.03441,
1520519219837602560,-58.54540,-55.17211,33.93073,-0.13156,0.50137,0.09200,0.85021,-1.56862,-10.24530,-0.05561,
1520519219917703680,-58.67954,-56.01534,33.92748,-0.12358,0.50335,0.09443,0.84997,-1.58056,-10.28447,-0.04947,
1520519220037904640,-58.83786,-57.25524,33.91929,-0.12942,0.50718,0.09786,0.84643,-1.57120,-10.35383,-0.05549,
1520519220118005760,-58.94295,-58.13085,33.91263,-0.12603,0.50774,0.09758,0.84664,-1.56483,-10.42800,-0.05922,
1520519220238306048,-59.14947,-59.36197,33.90397,-0.13167,0.50929,0.09963,0.84461,-1.61051,-10.47481,-0.08131,
1520519220318407168,-59.21737,-60.34813,33.88503,-0.12554,0.50628,0.09332,0.84806,-1.59416,-10.59614,-0.07803,
